product_id,rating,reviews
AH2430,,
G27341,3.3,24
CM0081,2.6,37
B44832,4.1,35
D98205,3.5,72
B75586,1,45
CG4051,4.4,2
CM0080,2.8,7
B75990,4.5,16
EE5761,4,39
EE4553,2.7,36
EF9315,4.2,35
F35281,2.6,97
EF9220,3.1,62
EG0000,3.2,16
B44889,3.1,69
CL7417,1,16
CL7408,3.1,8
B43601,2.7,62
EE8245,3.8,67
EE8042,5,30
CL7429,3.7,43
CL7370,3.9,13
EE9946,4.4,81
CK9741,3.6,70
CL7363,2.7,46
CL7372,3.2,63
CL7430,4.9,95
F34485,5,15
CL7365,3.6,34
CL7373,2.2,86
CL7364,3.9,3
CL7374,3.4,67
EE8167,3.3,5
CL7410,4.8,85
CL7401,3.6,4
EE8219,4.1,35
CL7402,3.6,13
EE9929,2.5,20
EE8221,2.7,41
EE8224,2.5,72
EE9941,1.5,32
EE8522,2.6,84
EE9932,5,75
EE8375,4.5,4
EE9798,3.9,48
EE8502,3.2,12
EF0450,3.9,83
CL7375,2,11
EF0446,1,42
EF0529,3.3,69
EE9940,4.1,33
EE4954,4.4,35
G27996,,
CL4156,3.5,89
EE4893,4,47
EE9937,4.8,94
G27649,4.5,35
EE9797,4.7,39
CI9914,3.8,98
EE8252,1.5,6
CK9664,0,17
EE8501,4.8,77
CL7602,4.4,17
CL7494,3,28
EE7923,3.9,88
EE5566,4,23
CI1821,4.3,8
CJ0082,4.3,64
CJ8062,3.7,52
EE6038,4.3,70
CM0068,1.5,59
CK9830,2.8,14
CJ0080,5,2
EG4957,4.9,38
BD7438,4,85
B75579,4.3,6
CM0057,2.2,46
CL0206,3.7,9
CJ8058,2.7,87
BZ0086,2,28
CJ8117,4,87
CJ8073,2.5,66
CL7551,5,54
AC8122,4.2,66
CM8453,3.5,1
EE3625,0,94
CM0031,0,49
EE7697,3.5,6
F36159,2.4,99
F35028,0,67
AC7042,3.1,49
CJ8053,4.4,42
BC0836,3.4,90
F35275,3.8,88
CJ8115,3,44
CJ8089,3.5,74
EE6128,4.3,19
CJ8118,2.2,54
CL7328,3.5,79
CL7470,4,5
CL7541,3.8,96
CL9928,2.4,41
CM0045,3.8,8
CL7599,4.3,80
CM0069,3,22
CL7511,,
CL7552,4.8,68
EE9816,4.4,3
CL7545,3.4,46
EE5060,3.5,50
F36718,3,75
CL9927,4.3,71
CL7285,1,48
CL7471,3.8,36
B96360,4.5,7
EE5778,2.6,69
EE4519,4.4,71
EE4504,2,65
EE4697,3.8,3
CM0044,4.7,74
EE6045,2,2
CG6091,3.7,84
G27834,3.6,34
CL7598,3.9,54
EE4709,2.8,49
EE4948,4.9,35
EE9671,2.4,48
EE7046,4.8,25
EF0451,4.6,51
EE4561,3.9,12
CL7601,3.7,51
CL7330,3.8,31
CM6625,4.8,41
FV3395,4.2,5
EF9317,3.7,78
EF4954,2.2,96
EE7104,3.9,26
FV4070,3.3,53
FV3918,4.3,78
EE5055,2,90
CM6626,4.8,96
CQ2030,4.7,82
EE5292,3.6,69
BD8041,2.8,21
B37719,2.7,88
EE4505,3.7,32
CM0072,3.2,20
EF0795,2.9,44
EE5875,1.5,69
EE4947,4.3,66
CM6627,3.4,65
CQ2039,5,56
CG6193,1,15
S82260,3.5,51
EE4945,3.4,84
EE7155,1,57
B44846,3.2,43
EE6044,4,83
EH0192,,
EE7045,2.5,62
CL7646,2.8,49
CL7346,2.7,37
EE5777,2.8,38
AQ1210,2.9,88
EF5925,4.3,98
EE7032,3.6,93
EE7708,4.1,18
AQ1119,3.7,23
F34311,3.6,59
CL7645,4.6,90
EE5089,3.7,37
CL7565,3,47
G27727,4.6,46
B44697,0,85
CL7400,4.1,68
CL7437,4.4,74
CL7563,3.7,1
CL7460,2,48
CL7507,4.8,0
CM0061,2.7,14
F34308,4,69
CL7506,4.7,83
CL7344,2,86
EE5318,3.5,90
CL7564,4.6,58
CL7439,4.8,73
CL7345,2.8,11
CL7644,4.6,32
CL7438,2.7,78
CK9843,1.5,47
EE8738,4.4,81
CL7576,4,15
CL7482,4.2,98
EE6129,4,1
EG3290,2.9,51
CL7467,4.7,57
EF1426,3.2,50
CL7264,2.7,80
CL7472,4.5,75
CL7560,3.8,90
EE4574,4,68
CL7445,4.6,15
CL7404,3.8,64
CL7515,3.3,79
EE4763,4.1,70
CL7616,1,68
CL7591,4.4,23
CK9831,3.3,70
EF2508,4.9,42
CL7495,3.8,77
EE5592,4.1,52
EE5398,,
EE5304,4.5,29
EE7242,4.5,93
CM0064,2.6,24
EE7885,2.2,1
CM0049,2.4,83
CL7548,3.9,68
CK1088,3.5,73
CL7263,3.6,50
CL7483,5,61
F34340,2.2,35
CL7590,4.4,98
CM0030,4,49
CL7468,1.5,50
EE8076,2.9,52
CM5955,3.4,91
B44870,4.7,51
CL7265,2.5,81
CL7484,3.7,48
CL7537,3.6,98
EE8088,4.2,9
CL7577,1.5,35
CM0058,4.3,78
EE7698,1,90
CM0009,4.8,15
EE7884,2.5,2
F36922,2.7,78
DB3114,1.5,47
F36217,4.7,24
EE8272,4.6,35
CL7538,3.1,73
EF0695,3.8,43
DB3599,4.4,35
CL7321,4.7,53
DB2117,4.9,83
EE4698,2.8,45
B28166,4.3,66
DB3259,4.9,75
EE5534,2,94
EF0811,3.3,6
CK9723,1,65
CL7322,4.5,36
CG6021,2.8,25
CG6188,3.3,8
BD7685,3.2,75
BD7475,4.3,94
EF9226,3.7,57
F34668,1,77
EE8257,3.2,26
B37973,4.1,37
EE7068,0,24
EH1363,2.4,6
EE5772,1.5,84
CG6104,,
EF2437,2.2,25
CM0070,5,99
D96760,3.4,9
CM0077,3.5,35
CM0091,3,25
CL7550,1,13
F36675,4.7,45
EF1065,3.4,34
EH1361,2.2,13
CL0243,5,60
CG6177,3.9,91
FV3288,2.4,33
EE4949,2,39
BB2344,3.9,34
EE6080,1,67
EE6047,3.6,83
EF0078,2.2,49
EE5565,3.2,64
EF4965,4,18
EE4946,0,74
B37090,4.2,81
F36516,3.5,30
DB3112,3.4,64
EH1366,4.8,72
CG6164,3.3,87
EE4959,2.7,43
EF2438,3.7,15
F35567,2.8,81
EE8165,2.9,54
EE5846,5,15
F34846,0,17
B41663,3.2,30
CK9690,3.2,73
EE7927,2.2,27
CK9688,3.2,43
CK9424,3,49
CK9430,2.6,80
CG6228,3.1,65
DB3600,2.7,87
EE9892,3.5,43
CL7461,2.9,58
CK9678,1.5,0
CK9696,4.1,94
CK9695,2,52
CK9683,4.6,39
CK9692,3.8,21
EE7919,4.3,87
CL7517,2.7,42
CK9698,4.7,8
CK9418,2.7,74
EF0322,2.5,23
CK9427,5,59
EF0437,,
EF0435,2.4,99
CJ8090,3.6,28
CL7542,2.7,97
CL7311,2.5,22
EE8028,3.6,15
CL7398,4.9,28
CL7306,4.1,70
CK9697,3.9,43
CI9915,3.4,65
CK9590,1,51
CL7458,4.1,89
CI9913,3.5,96
CL7459,4.3,74
CI9991,2.4,58
F36996,3.3,2
CJ7974,4.7,53
CL7588,3.4,8
CL7407,4.8,91
CL7406,0,85
CK9420,4.6,2
CL7389,3.5,40
CL7516,4.8,28
CI9989,2.2,18
CL7405,3.8,49
CL7473,3.5,3
CJ8110,2.5,7
CJ8019,4.6,53
CK9604,3.9,26
CK9431,1.5,49
EE7289,3.7,58
B75580,4.3,79
CK9432,2.5,17
EE4925,2.8,93
EE4953,2,32
CL7469,2,97
EF8858,1,29
EF9219,4.5,89
CL7513,2.7,62
EE7098,3.9,22
CL7425,4.9,85
CL7508,4,47
EE7292,4.2,38
CL7589,3,40
CJ8061,3.7,92
EE5847,4.7,20
CK9686,4.1,43
EE4567,4.4,85
EE5585,3.8,37
B96519,5,31
B96563,2.8,16
CL7547,4.7,42
EE4563,4.2,82
CK9714,,
F36475,4.6,84
FV8794,5,44
EE5177,3,76
CL7582,3.8,12
F36339,4.1,39
EF1963,2.2,12
F34442,4.1,26
EE9933,4.2,89
EE6090,2.4,16
B75583,4.5,76
EE7922,4.6,93
EE5081,2.9,51
EE4678,4.1,34
CM0076,4.4,39
B28156,4.9,54
EF0527,4.1,81
EE4566,3.3,60
EE8302,4.2,19
CM0075,3.4,57
EF0152,2.2,16
CM0093,3.7,2
F36218,4.5,39
CM0083,4,58
CM0078,3,38
CM0079,2.9,64
CM0074,4.2,22
CM0073,4.4,93
CM0092,2.6,54
EG8672,0,27
EG8480,4.4,80
EG3148,4,9
CM0082,3.6,29
EG3185,4.7,31
EG4006,3.9,1
EG4007,3.2,94
EH1178,4.3,65
EG4316,3.4,6
EG3253,2.5,67
EG4314,3.8,36
EH1379,4.9,45
EH2586,0,4
EG3698,2.7,11
EH0165,2.8,35
EH1211,3.2,85
CK9665,4.9,72
CK9663,1.5,74
EG3953,2.9,77
EG4176,3.9,14
CI9916,0,84
EG4175,3,94
EG4004,2.5,17
CJ8068,2.6,60
CK9681,,
EE9731,2.9,99
CK9591,2.4,35
CK9648,4.6,36
CK9602,2.9,37
F34491,3,59
CK9693,4.6,88
CJ8013,4,77
CL7567,3.8,31
CK9694,4.5,63
CL7604,2.8,34
CL7488,4.9,73
CK9436,1,41
CK9592,1.5,2
CL7366,4.2,84
CK9661,2.6,70
CK9650,2.6,47
CL7415,4.3,94
CL7626,3.7,48
CJ7990,4.6,30
CL7534,4.5,98
CL7413,3.8,4
CK9500,5,31
CL7369,4.1,79
EE8156,4.1,96
CL7607,3.2,21
CL7385,4.5,16
EE9856,4.3,81
EE8260,4.4,36
EE8448,2.8,95
EE8181,3.2,28
CK9682,3.3,22
CL7377,4.5,82
CL7605,2.5,7
EE9734,4.7,32
EF1053,4.2,70
EE7925,2.4,22
CL7614,2.8,46
EE9847,3.5,21
EG3289,2.8,34
CL7615,4.7,86
CL7276,4.9,1
CL7453,4,20
CL7329,4.2,1
CL7387,4.4,25
CM4762,2.4,37
CM4984,3.7,95
CM4691,3.4,53
CM4826,4.1,49
CM0015,4.1,79
EE8603,2.9,90
CL7496,4.2,84
EE8444,3.3,19
CM4827,,
CM0014,4.5,0
CM4737,2.5,4
EF0440,3.7,63
EE9748,3.9,43
EG4223,3.1,21
CM0013,3.9,35
B44880,2.7,23
F34876,1,40
EE8836,0,14
EF0523,2,95
EH1858,3.6,20
EG3821,3.5,21
EF4458,3.2,88
EG3291,4.3,82
EF5928,2.2,99
EH1859,4.1,53
CM4828,4.7,15
EG3295,3.4,35
CM4985,2.8,57
CM4964,2.8,8
CM4690,4.9,26
EF4970,3.1,24
CM0010,5,75
EF6877,2.4,17
FW6635,3.2,34
CM4760,4.8,62
DB3258,3.5,38
EF4375,2.5,17
EE7159,4.4,33
CM4983,4.2,80
EE8925,4.1,45
G27722,3.1,72
EG2012,4.2,13
EG9825,0,48
EF4966,4.6,71
EH1389,3.1,46
EG9824,3.2,86
EF6058,3.5,89
EF6508,4.9,34
EG5475,1,93
EF5320,2.8,88
EF5642,4.8,7
EE7160,4.5,90
EF5547,2.9,88
EG7753,2.7,16
EF5549,5,79
EF5314,4.1,10
EF4933,2.9,24
EG9829,4.3,12
EG7876,4.7,94
EF4935,4.4,84
EF4983,4.8,13
EG9053,,
EF4374,4.2,93
EH3522,5,43
EG0576,2,67
EF6507,4.9,3
EF5386,5,73
CL7520,2.8,91
EG0578,2.9,53
EG6920,4.7,29
EG6846,4.1,28
EE9854,2.2,60
CL7456,4.6,36
EE9733,1.5,41
CL7333,4.3,70
EE9729,4.9,88
EG6845,4.8,77
EE8202,4.7,95
CL7361,5,18
EE8265,2,25
EE8604,3.2,77
EF1052,4.7,68
EF1051,2.2,53
EE9732,3.6,63
EF0433,4.3,34
EE9895,4.9,87
EE8128,4.5,42
EE7928,1,78
EE9266,4.8,8
CL9915,4.6,23
CL7533,3.1,85
CM0012,2.4,99
CM0032,2.7,72
EE8200,4.4,69
CL7332,1.5,85
F37008,5,30
EE9728,3.7,0
B75581,2.6,88
F34851,2,74
EF0434,4.9,24
CM0008,3.5,95
CL7487,2.7,39
EE8212,4.5,28
CL7465,3.4,11
EE9758,3.5,34
CL7334,3.6,91
EE9735,3.1,42
CL9925,2.5,81
F34820,3.8,59
CM0023,1,27
EF0584,3.5,6
CL7307,2.6,47
BB7066,2.9,38
CM0033,2.5,83
CL7443,,
CL9962,3.1,98
CK9685,3.5,56
CJ7959,3.8,62
CL7546,4.4,15
CL7286,3.5,72
CJ8018,4.6,7
CK9447,4.9,35
B96555,4.3,21
G28939,3.1,48
FV3428,4.4,40
FV3289,4.8,24
CK9528,5,65
CK9603,1,44
CL7566,2.9,75
FV3671,4.9,87
FV3335,3.3,11
FV3675,3.7,2
EG8690,4.2,64
F36642,3,56
CG4045,2.6,57
CL7633,4.4,3
FV3334,2.9,74
FV3361,3.8,86
EG5345,4.9,58
FV3353,4.2,54
FV3187,3.5,28
FV3631,1.5,14
FU7134,2.8,69
FV3374,4.1,78
FV3336,3.4,37
FU9352,2.7,80
FV3327,3.4,28
FU9350,3.2,1
FW1646,2.2,75
FV3186,0,76
FV3294,4,39
FW9618,4.3,80
FV3352,4.1,82
FW1647,1,53
FW8423,3.7,69
EE6822,4.6,58
FV3290,4.1,91
FV3305,1,75
EE8081,3.2,97
B37680,4,14
CG6270,3.2,31
CQ2031,2.7,11
CG6037,4.8,17
EF3539,2.5,29
EE4919,4.2,38
FU9349,4,48
CL9960,3.3,25
EF0091,,
CL9968,4.9,0
F33805,2.9,5
EE6031,2.2,6
BC0033,4.9,30
EE7030,4.5,28
EE4923,4.7,40
EE6089,4.1,25
EE6108,4.8,65
CQ2460,3.5,91
B37681,3,87
CQ2035,4.9,39
CG6618,2.7,41
FV3667,0,39
CQ2044,2.9,80
FW9617,2.8,12
CM4692,4,0
B44619,4.2,56
CP9514,2.4,87
FV6058,4.2,65
G27720,4.2,25
CQ2333,3.6,27
FV6057,3.9,98
FV6056,4.3,66
EE5521,0,41
B37974,4,83
BD7575,2,86
EE7026,3.2,50
EE6256,4.6,69
CM4548,2.4,51
G54050,4.3,67
CI1741,2.9,99
EE6660,2.6,14
EE7243,1,10
EE6668,2.9,4
EE5086,4.4,82
CM0027,4.9,7
EF8973,0,57
G28940,3.6,70
CJ8059,4,57
CI9941,2.8,58
CL4158,2,76
BB3293,4.6,82
EE5640,4.1,10
CM0063,3.6,52
CL9946,0,33
CM0071,4.5,65
CM0051,5,1
CM0087,2,30
CM0048,4.8,95
CM0062,3.7,30
G28449,4.2,47
CM0086,2.4,72
CL7643,,
CM0067,2.8,17
CL7559,4.6,66
CJ7994,2,62
CM0059,4.1,6
CL7462,2.4,57
CK9680,2.5,68
CM0024,3.7,61
CL9924,4.3,91
F34564,4.3,59
CJ7972,3.6,70
CL7283,3.2,82
CK9465,3.6,47
EE9514,1.5,83
CM0047,4.9,45
G27026,2.4,31
F36338,3.7,71
CJ8077,3.9,49
CM0028,1.5,44
CL9939,4.3,28
CM0056,2.6,31
CL9916,5,71
CL9950,1,16
EE9973,4.7,81
CL7359,4.9,24
BB7614,4.2,34
CL9965,2.9,2
CQ1176,4.5,81
CL9913,4.4,59
EE8115,2.5,12
EE7497,5,67
F97209,2.4,82
EE8114,3.9,1
CM0046,2.2,84
EF0133,4.6,99
EE9969,2.8,74
EG8062,1,45
EE9867,1,14
EE6187,4,6
EF1037,4.7,24
EE9833,2.8,69
EE9835,2.5,1
B96508,5,92
AQ1136,3.4,65
CQ2029,2.8,53
EE9862,0,30
EE8325,2.8,47
BY2976,4.1,26
EE9970,5,3
EE9840,4.6,33
EF0130,2.7,64
F34882,3.9,40
CQ2042,4.4,53
B37538,,
EF0135,4.5,12
AQ1141,2.8,68
BD8017,3.8,2
EF1036,4.6,87
FV3914,2.4,84
B28041,4.9,51
B37534,4.9,81
EF1899,3.5,54
EE5615,3.6,85
CQ2034,3.9,15
EF4457,3.9,52
CQ2530,0,54
EE8220,3.7,53
EE5182,2.2,57
AW4212,3.1,48
CG6025,0,85
EE5175,4,69
CG6142,4.2,45
EE5917,1,79
EE5567,3.8,81
DA8966,4.1,22
EE4679,2.9,17
F34751,3.7,67
EE4682,4.4,91
F36389,2.5,14
CK9720,4.6,61
CG3527,4.3,19
EF3533,3.1,23
CK9728,1,85
BB7218,3.7,93
BB2270,2.2,78
BB7235,2.4,51
BB7231,3.3,15
BB7219,4.7,54
CL4155,4.2,10
EE5876,3.9,4
EE5303,3.4,27
EE4938,2.5,91
EE5179,4.8,83
BZ0632,4.5,76
CM4550,2.6,3
CL9934,2.6,43
CL7379,0,84
CL9919,3,88
G27860,4.1,95
CJ3412,3.9,10
CL7631,4.2,92
CL7273,3.8,3
CL7630,3,44
EE9848,4.1,10
CL7617,3.5,42
BB9775,4.6,1
CL7536,,
B37343,2.4,52
G28225,4,19
DB3539,3.7,88
G26777,2.4,26
CJ0081,4.1,11
EE8333,2.9,61
CQ1175,4.6,33
DA9306,1,42
F36163,4.2,32
CL7411,2.8,55
CL7444,3.7,20
EE7879,2,16
EE9676,4.5,55
EE7600,2.4,42
EF0128,4.5,74
EG3489,4,46
CM4733,4.8,57
CM0025,2.6,69
CM4734,2.2,33
CM4736,4.3,31
CM4865,2.8,78
CM4909,4.3,21
CM4664,4.1,22
CM4798,4.1,95
CM4972,4.9,62
EG8063,2.7,25
CM4799,3.3,40
CM4665,2.6,5
CM4908,4.9,98
CM4666,4.4,5
CM4973,3.8,44
CM4632,2,40
CM4647,2.2,72
CM4868,2.4,30
CM4646,2.4,58
CM4718,4.6,85
CM4693,4.2,40
CM4904,2.4,90
CM4774,2.6,34
CM4617,3.4,53
CM4935,3.5,21
CM4755,3.7,86
EF1224,2.6,55
D96450,3.3,21
CM4618,0,59
AQ0886,2.7,41
B28068,5,61
CQ2618,5,47
CM4694,4.4,89
FV4049,4.7,93
G27721,4.6,66
BD7791,2,68
AQ1220,,
FV4329,4.4,29
FV4057,4.7,67
FV4044,3.4,93
FV4325,4.7,70
FV4331,1,27
FV4359,4.8,17
FV4319,2.2,5
FV3700,3.1,84
FV4318,3.3,74
CG6130,3.3,1
CG4050,0,37
FV4330,3,10
FV4317,4.8,52
DB0444,4.8,75
F36255,3.7,66
B96474,5,27
B37530,3.7,96
B37528,3.9,95
FV4350,4.4,40
B44830,4.7,87
B37942,4.9,7
B96551,3.6,87
B43884,3.2,2
B75587,4.2,20
F36513,3.8,55
F34341,3.8,28
D96552,1,78
D98204,2.6,55
G26782,3.9,30
EE4950,1,95
EE5018,3.3,74
EE5907,3.9,58
BY9250,4.4,2
BB2042,2.7,68
EF0321,3.8,91
BB2278,3,61
EE4926,4.6,24
EE4918,4.7,73
EE4928,3.8,98
EE8218,3,67
EE5150,2.7,34
B22706,4,81
CQ2740,4.7,3
CQ2105,3.8,89
CQ2106,1,60
EF3534,4.7,78
CQ3012,2.2,92
DB3277,4.2,78
CQ2032,2.9,73
BB6708,2.6,9
CM4937,2.5,68
CM4756,3.2,62
CM4619,,
CG6048,2,53
CG5673,3.9,13
EE9726,2.5,6
EF1421,4.4,13
EF0786,1.5,78
EE9722,4.3,77
EF1424,2.9,73
G27273,2.8,38
EF0812,2.8,14
G28062,3.4,62
EF0789,3.5,9
EF0787,5,33
G26994,2.8,83
F34099,5,20
EF1581,1,77
G28058,4.8,21
G27403,4.9,51
G26939,3.1,15
G28202,3.1,4
EF1164,2.4,18
EF8904,4.7,50
G28450,2.6,98
CM4759,3.6,71
EF8903,3.3,27
F35445,3.1,64
B75807,2.6,19
CJ0079,3.1,17
CM0084,2.4,64
EE5358,3.1,65
B96556,4.3,26
CM0035,2.4,72
EE4572,4.1,0
CL7309,2.4,96
CL7610,4.8,64
B37616,2.9,46
FV3032,3.6,47
BD7597,2.4,58
BZ0085,3.8,83
EE5083,4.9,22
CL7561,3,66
F97208,4.7,72
EE5404,2.9,94
CL9998,3.2,51
EE8373,5,40
F36418,2.9,45
CL9921,3,59
F35499,3.8,68
EE5641,4.4,34
F34983,3.3,69
F36985,5,15
B79771,5,65
CJ7956,3.7,72
B44882,,
CJ7995,4.1,83
F36467,4.5,83
CG4048,2.6,53
F34437,4.1,13
CG6205,4.2,25
EG8695,4.5,44
B41939,4.9,85
CG6199,2,83
B37720,3.8,24
AQ1087,1,70
B37759,1,30
AQ1027,3.2,17
B37990,3.8,29
B37651,3.8,51
B28164,4.9,92
B28163,2.7,34
B37983,4.9,77
DB2689,4.3,50
CG6056,4.4,20
CG6460,2.5,2
CG6108,4.8,19
BD8024,2.2,98
D96444,2.6,10
BD8007,2.6,4
CG6065,2.5,74
G27719,2.2,90
CG6187,4.1,55
G27648,5,14
EE8279,2.4,39
EE8247,4.9,34
EE8612,3.6,37
CQ1068,4.8,63
B37635,3.4,71
DB3065,3.2,48
CQ1092,4.8,24
DB3083,2.5,82
CG6222,0,64
DB3078,4,7
DB2707,3.9,52
D96553,3.5,0
EF0580,3.2,73
EF0581,3.5,46
G25848,4.2,86
EE9745,2.6,85
EE7899,2.5,43
G28386,2.7,83
EE6784,1.5,18
DB3349,4.8,93
EE6816,3.4,23
DB3401,2.8,8
EG1865,3.4,20
EG2037,2.2,48
EE6818,,
CM6057,3.9,37
EG2035,4.8,9
EE5614,2.6,20
EF9225,3.3,60
EE5174,3.8,95
CM6058,0,8
EE5915,4.4,87
BY2949,3.6,63
EE5933,4.9,90
F34865,2.6,35
S80662,2,28
CM6059,4.6,17
CJ8016,4.2,33
CL7428,4.6,51
EE4843,2.4,2
CK9670,3.1,48
EE7740,4.8,38
EE8969,3.3,38
BZ0087,2,62
F36256,2.2,80
EE5362,3.9,83
F35762,2.4,92
EE5837,3.6,83
EE4576,0,52
EE6991,4.4,47
EE6012,4.7,5
EE4470,3,79
EE6327,4,75
AQ8530,3.3,71
CI9990,3.5,62
EE7064,3.1,28
F36417,5,96
EE4808,3.8,8
F36431,3.2,38
B44669,2.9,1
B43745,4.8,36
CJ8021,2.8,74
CM4549,4.6,37
EE8374,4,22
CL4154,2,26
CL7609,4.5,20
CK9456,5,89
EG4372,4,57
CJ8987,4.5,32
EG4303,3.5,32
BB7616,5,24
EE5603,2.4,85
EE8970,3.8,8
CJ8113,5,26
CL7463,4.9,77
F97210,4.4,2
B44732,3.4,86
F34411,,
EE6807,2.6,29
F35515,3.1,34
F35615,3.8,39
CK9466,2.8,16
F36650,3.3,18
BC1040,3.4,64
EF0810,3.4,53
CL9963,4.9,40
BB6917,4.3,81
CL9938,1.5,64
CL9997,4.8,91
CL7642,3.9,40
F35040,4.1,99
CJ8017,4.3,19
EE9727,3.5,4
CJ8012,0,59
CL7632,4.7,67
CL7486,2.7,91
BZ0631,2,30
D98056,3.7,86
CM4824,3,71
CM4825,4.6,9
B43753,4.7,64
FV4349,2.8,39
F36517,2.6,20
EE8131,2,11
EE9737,4.2,10
EF1060,4.9,23
EE9938,4.6,76
EE8353,2.5,8
EF0452,3.8,72
EE5170,4.1,31
EE5153,4,54
EE4842,3.1,57
EE4958,4.1,85
EE4922,2.9,8
EE6046,4.7,77
EE6130,3.6,1
EF3523,2.6,13
EF3535,4.5,48
FW2818,1,17
EE5535,0,19
EF3531,4.3,67
B22713,4.5,89
FW2803,2.6,6
FW2848,4.7,42
EG8544,2.6,69
EF4393,4.8,36
EG4588,5,17
EF4398,4.8,37
AC8765,3.1,19
B37361,0,4
CQ2028,,
B41727,3.5,65
B96511,3.3,37
B37657,2.9,14
AQ1138,4.4,67
B37068,5,17
DB2680,4.7,97
B28123,3.2,57
AQ1134,3.6,0
EE5562,3.9,15
EE5934,3.1,57
EE5104,3,46
BB1702,4.8,62
EE7031,4.2,2
DB2119,3.4,65
F36599,2.5,6
EE5171,4.1,96
DA9604,2,37
BB6709,4.2,86
B96517,2.4,28
CQ1971,2,89
B96520,2.2,99
DB1763,4.2,6
B96554,2.4,88
AQ1111,3.3,4
CK9475,2.9,61
F36166,5,40
CG7112,4.2,49
CL7427,3.2,64
CQ1968,3.7,59
B37600,2.6,52
CL7335,2.8,35
F34094,5,59
EF0785,2.4,50
CK9572,4.4,83
EF0788,3,73
EE6331,4,99
EE7245,4.5,15
EE4771,1.5,53
F34098,2.8,32
CL9956,3.5,71
G28059,4.1,41
CL9942,3.1,22
F33908,4,20
G28060,3.6,85
DB3144,3.2,54
CI9935,5,1
F36664,4.1,56
DB1755,3.8,3
F36173,4,61
EE8134,1.5,43
F35613,4.6,44
CK9557,4.5,45
CK9464,,
CK9476,2.5,78
CK9649,4.3,50
DA8929,4.8,18
CK9483,2.7,25
CL9926,1.5,98
FV8786,4,53
CL9943,2.9,55
BB9774,4,45
EE8007,4.1,19
F36201,4.2,52
FV8790,1,13
F36331,3.6,55
AQ0919,3.7,28
CJ8146,3.4,13
B43732,2,54
B44849,3.2,45
B37783,4.9,76
B96578,0,73
F37006,2.5,47
CJ8041,2.7,93
CG6131,1.5,69
CG6113,2.9,65
G28971,4,38
B37469,3.7,62
CG6112,2.8,6
F34625,0,89
EE9844,4.7,6
EE8269,4.5,10
EE9843,4.7,9
EE9852,4.3,8
CG6066,3.6,66
EE8136,3.8,32
G27645,4.7,16
CL9961,3.2,49
FV3699,5,64
CI2606,2.9,0
EE7359,2.5,46
CK9658,4.4,88
EF0417,3.2,52
EF0436,4.5,46
EG3102,3.5,93
EE4951,3.5,4
FW2846,4.3,24
FW2895,4.1,74
EE4562,3.2,72
EE5540,2.7,62
EG8688,4.8,97
EG8685,2.8,56
EE7033,3.1,36
DB3109,2.8,44
DB3244,3.1,10
DB0126,2.7,48
EE4552,,
CG4708,3.2,83
DB3241,4.9,15
F36476,4.5,69
F36225,2.4,17
F37047,4.9,23
B44728,3.3,30
BB7317,2.9,12
F35036,4,84
AQ0055,1,42
F34440,4.2,76
B96561,4.6,72
B96339,3.1,89
D97112,2.8,53
F36651,1.5,66
F36308,4.7,24
F35050,5,10
EE7482,2.8,1
EE7502,4,60
F36669,4.5,47
F37079,2.7,98
EE8133,3.8,35
G28914,3.5,50
EE8197,2.4,47
EE7511,4.1,67
EG4103,3.5,59
EH2549,2.7,54
EG5006,3.8,25
EH2201,4.4,92
EH2531,3.1,53
EG4273,4.1,57
EG5005,4.1,22
EG4275,3.8,22
EE5906,1,76
EE5106,1.5,85
EE5181,4.7,60
EG3238,4,61
EE5864,2.6,68
EG1902,3,63
EH2552,3,34
EG8587,5,58
EG3705,4.5,61
EG3173,3.3,57
EG3693,3.9,41
EG3691,3.2,82
CL0244,4.2,84
CJ0874,3.8,75
F35030,4.4,83
EG3666,2.9,12
EH1856,3.7,8
CL0211,4.2,69
EG3491,2.2,61
B23738,4.8,31
B28128,,
EG3282,2.5,73
EH1855,3.1,99
B22705,0,26
EE6743,3,63
EE6122,3.9,5
EE6121,2.8,1
CM4981,3,24
CM4658,4.4,47
EG3283,3.4,33
CM4659,2.6,61
F36671,4.4,0
AW4209,4,50
G25877,3.9,20
CM4855,4.3,70
EE8452,4.9,98
CM4813,4.7,88
EE8351,4.2,51
G28329,2,69
CM4857,3.6,39
CM4900,3.1,16
CM4899,4.6,94
CM4901,4.1,80
CM4830,4.6,26
EF0778,2,62
EF0780,2.7,91
G27270,4.4,93
EF1233,4.2,92
CM4878,3,7
CM4877,4.1,88
G27272,3.2,32
CM4862,4.5,28
CM4979,2.8,59
EF1416,4.9,21
EE7897,3,67
CM4884,2.9,9
G28373,3.5,22
CM4842,2.5,0
EF0822,4.6,26
CM4860,4.9,13
CM4929,0,93
G28560,2.2,72
AQ8528,3,75
G28208,2.9,67
BB5476,4.8,67
CQ2405,2.7,31
G28209,3,65
CL7580,1.5,79
B43687,3.5,23
B41645,3.3,58
BY2120,4.1,91
B24105,2.2,97
B96568,4.2,22
FW2847,,
FV7826,2.4,86
F35580,4.6,17
FV7825,0,7
G27707,3,48
EE8498,2.7,73
FV4631,3,25
EE4465,2.9,98
EE8138,3,15
FV4419,3.1,37
G28116,2.4,74
B42315,3,10
EE9574,4.3,5
EG4960,3.2,96
EE6803,2.5,90
EF5506,3.2,91
G28428,3.6,55
EF5440,2,54
FV4190,4.7,97
EH0025,3.7,87
G28331,2,38
G25878,4.2,41
EE6802,2.5,83
B42314,2.4,37
CL9955,3.5,32
G28336,5,24
G54014,4.7,91
FV2806,4.4,42
FV3021,1,10
FV3743,3.8,51
FV5359,3.9,79
G54015,4.1,53
BD7929,1,74
G26993,3.7,57
EF1625,3.8,76
G27479,3.9,78
EE7911,4.1,96
F35008,3.6,27
G27492,4.8,53
G28885,4.7,29
EF1163,1.5,81
EF8847,4.2,34
B96566,4.9,5
EG4159,3.4,2
G27484,4.8,35
F34327,3.5,30
CL7477,2.4,83
G27495,3.6,30
B28129,3.7,74
EF1229,3.8,9
EF4920,2.4,50
EE6893,2.2,24
EF2335,2.7,75
EE4896,,
EF4372,2.9,43
FW9328,3.3,70
B27797,3.9,84
EG7737,3,9
DB3105,3.4,97
CG6477,1,64
CG3552,3.7,99
EG8778,3.3,89
BB3627,1,14
EE4851,4.2,3
EF4373,2.5,86
BW0418,2.6,19
G27728,0,2
BB3628,4.4,25
BB3645,2.4,78
F37427,4.4,92
DB3541,2.8,81
EE7346,3,44
EG1866,4.8,66
EE4895,3.2,93
D96635,4.8,27
FV6404,2.2,57
CG6040,4.6,47
EE6074,2,79
CG4743,1.5,89
EG2738,2.2,86
F35493,2.6,56
F35597,4.1,89
F35495,2.5,84
F35494,2.5,47
DB1370,4.7,62
F35498,3.8,10
DB1372,3.5,79
F36991,0,43
B96223,2.4,14
F35497,2.2,83
F36501,0,80
EE6821,0,10
EE7745,4.3,95
EE6135,1,5
AQ0334,2.5,29
B96218,3.3,33
CG5537,4,32
AQ0538,3.1,74
EE7777,4.5,82
EF5885,4.7,64
EE8378,0,41
EF5870,3.2,43
CG5580,1.5,53
BB7566,5,77
AQ0054,2.4,67
B75665,4.1,80
EG1727,,
AQ0539,2.6,20
EG2646,4.7,97
EH0181,4.4,69
EF5902,4.7,46
FU6910,0,32
AC7104,3.6,67
EF9625,2.8,32
D97946,5,17
B75667,3.6,37
BD7080,2.7,79
CL9914,2,71
BB6602,2.6,66
EF5435,4.5,76
BC1050,4.8,58
EF5507,3.3,5
D97319,3.7,29
EF5985,2.6,61
EF5441,1.5,84
F35769,4.4,57
EG8776,2,27
D97429,2,6
EF0820,2.9,17
EF4027,3.1,69
CG6732,1,56
EH2180,4,54
EF6050,3,15
EF6048,4.9,40
EE7290,3.9,88
EE7449,1,52
EE7968,3.1,56
F36481,2,68
EG1900,5,55
EF6049,2.5,34
EF7141,3.3,31
EF7140,1,85
CQ1091,2.4,61
EF7134,2.4,45
EH1097,2.6,73
FV4656,3.7,33
G26947,4.8,26
F34060,2.5,11
G26944,3.8,97
EG5185,3.9,94
EG5188,2.7,44
FV3029,5,90
FV4658,2.7,46
CM4831,3.4,22
EF6270,3,81
CM4705,1.5,96
FV3031,3.9,6
FV5358,2.7,24
DB0594,2.9,13
DA8839,,
G27461,4.3,72
CM4708,4.9,15
DA9868,5,33
EE9540,3.5,95
DB3483,3.4,9
EE3912,3.9,21
CJ0183,4.3,88
AQ0534,3.2,52
CK9502,3.8,52
BC1041,3.9,21
CM0065,4.1,38
EG3013,3.5,12
EE4966,5,70
B75806,3.3,96
CK9434,4.9,83
EH0833,4.4,72
G27637,3.5,27
CL7579,2.7,87
CK9631,4.2,44
EE6091,4,80
CL9945,4.1,33
FV4189,2.2,37
F34477,3.1,14
F34683,2.5,27
CP8827,4.3,18
F36998,2.7,84
F36457,1.5,1
EE8008,4.4,51
EE5511,3.9,78
EE5602,2.4,46
EE6329,2.8,44
EE5506,4.7,37
F36471,3.7,24
EF6551,4.8,14
EE6325,3.8,76
EE5678,4.5,5
EE4967,1.5,85
EF8907,4.4,92
EE8688,3.9,30
EE8972,4.3,36
EE7239,2.8,63
G26935,1.5,49
EE5394,3,58
EH0033,4.6,41
B75573,1,50
EE4883,3.4,45
DA8964,2.6,2
CJ8060,3.2,40
B75782,2.7,26
G27401,4.9,87
B75780,4.2,87
S80807,4.2,43
EE4791,,
S32279,4.9,65
AC7556,2.6,97
B22785,2.9,91
F35130,2,98
B43742,3,28
CK9814,1,95
CK9571,3.3,97
F34844,3.1,59
F35284,4.5,49
CQ1149,3.7,80
F34739,3.1,7
CK9866,4.5,4
EE5654,3.1,50
FV3013,3.9,10
F35282,4.6,80
EF9624,3.5,18
CK9865,2.8,5
F34073,4.2,4
D96551,4.5,27
CK9784,1.5,19
F36512,3.4,36
F35283,2.5,10
EG3096,4.1,2
EG3115,3.6,40
EF5550,2.4,18
EF9623,3.1,62
CJ3410,3.5,24
CQ1061,3.5,67
BB4014,4.7,96
AQ6095,2.2,49
EF7135,1,99
B44500,3.1,60
EF1629,2.8,60
B43600,3.3,70
EG8735,2.7,59
G28713,3.2,2
EF3538,2.5,57
CJ9005,1,7
AH2156,2.7,0
FV6447,4.4,85
CM7767,3.6,55
DB0646,2,6
CG6367,4.4,78
CM7741,3.5,47
CJ9006,4.7,21
AC7943,3.6,78
CG6364,4.4,50
BC0534,2.4,98
CK1081,2.9,89
F37022,3.4,29
EE3812,2.4,40
G26834,2.8,71
B75879,,
FV6794,4.1,81
G26790,3.1,65
EH1524,4.7,23
G26548,2.2,81
B42122,3.6,33
F99913,2.4,76
EG1073,3.8,76
EG7893,4.1,29
G28915,3.4,5
BB3484,5,46
EG1069,3.3,24
EG2015,2,66
FW3138,3,52
EF2212,5,47
EG1071,3.5,89
EG2045,3.1,33
EE4036,1,9
FW5423,2.4,26
EG1287,2.7,14
EG2663,1,96
EG2017,2.9,81
EG0719,4.5,38
EH1208,2.7,73
EG4901,4.9,19
EE4264,4,6
EG1096,3.6,22
EG1011,3.3,87
EG2052,4.4,38
EG0720,4.5,69
EF2696,4,21
EG0715,3.9,17
EE4614,5,35
EH1333,4.3,57
EF0524,4.4,98
EH1847,3.3,35
G27491,3.4,25
EF0708,3.5,44
EE4005,4.8,14
EG0761,2.8,98
EF2774,3.9,17
EE5147,4,20
EF1565,4.4,30
F35285,4.3,93
G27482,2.5,78
BC1031,1.5,27
F35539,4.6,19
CK9816,1,31
B96338,2.2,43
CM7531,4.8,55
EG1369,3.9,22
EG1837,2.2,96
FV6106,2.2,53
FU8929,,
FV4526,3.9,59
EG3729,4.8,97
FU8941,4.7,47
FU8932,3.5,37
CM6080,4.2,9
CM6051,4.9,9
CM6052,2,20
CM6081,2.9,62
CM6068,3.9,77
FV4418,3.6,4
CM6069,3.8,63
CM6073,4.8,92
FV4525,3.4,10
CM6044,2.6,61
FV2875,4.5,0
FW2152,1,78
FV2874,3.8,54
CJ8072,4.5,96
CJ8088,4.9,89
CK9657,3.3,48
AC7043,2.4,49
FW9783,4.6,88
F35607,4.3,68
CJ8111,2.6,66
CL7446,1.5,84
G26990,2.5,65
CJ0194,4.6,13
EH0021,2.5,44
B44861,2.8,61
EE7610,3.4,57
BD7439,0,11
F34604,3.4,69
CJ8107,3.1,45
B37550,2.8,13
CJ8069,2.6,91
CJ7992,1.5,51
CJ7987,3.5,74
F36162,4.4,33
G26776,4.7,9
CG6537,4.6,33
BB9420,3,7
CK9660,4,88
CJ8109,1.5,51
CJ0044,3.3,68
CJ8116,2,87
CK9445,2.8,36
EF0148,3.7,45
CG7123,3,96
EE5677,2.2,10
EE5819,1,85
EE5834,1.5,72
EE5361,3.5,90
EE5415,,
EE4924,4.2,82
CJ0180,4.9,32
F36645,3.9,84
AQ0907,3.7,78
CM4930,3.8,92
CM4547,4.3,2
EE6377,3.8,24
DB0271,4.9,64
G27402,2.8,20
EE7843,3.9,52
EG6864,3.8,37
EH0173,2.9,31
EH2181,2.8,63
FV4529,2.2,56
CM4863,1,55
EE6894,4.2,31
B41823,3.7,61
CI1871,2.2,80
B43829,3.1,17
F35514,2.2,79
B44820,1.5,88
B44736,4.2,81
CM4864,4.9,7
F34498,2.7,63
EE6011,1,60
CK9656,2.8,78
CL7360,4.5,28
CK9546,2.8,98
S75104,4.9,70
CK9507,3.5,95
F35598,2,55
CL0207,3.4,57
CI9700,1,2
CI1704,4.7,71
EE5730,3.6,53
EE6029,2.9,97
CQ2406,4.2,96
EF6552,1,6
F36717,3.1,70
CL7284,0,47
F36424,4.9,18
BD7497,4.6,16
EE7901,3,16
EE7905,4.3,52
EE7907,3.1,18
EE7690,2.5,12
EE7696,3.4,16
EE7382,3,58
EE7693,2.4,82
EE7422,4.5,4
EE7900,2.8,80
EE6151,3,3
EE5520,,
EE5399,1,1
EE8153,3.9,52
EE6110,5,15
EE7881,3.4,43
EE6077,3.9,38
EE7360,3,13
EE7880,4.2,64
CM5956,4.2,91
EE9648,3.1,9
FV3020,4.7,9
CM5971,4.7,11
CM5963,4.5,41
CM5978,3.5,92
CM5962,2.7,4
CM5975,1.5,44
CM5961,4.9,28
CM5974,1.5,44
CM5990,3.7,19
CM5979,3,18
AQ0863,3.9,17
CJ8104,2.7,51
CM5965,4.7,78
CL7519,3.2,82
EE5108,4.4,43
CL9930,2.2,11
EF0815,3.8,60
CL9935,4,71
CM4795,3.1,41
F35061,5,12
CM4978,2.4,70
EG1686,3.5,82
FV2838,3.3,82
EF4344,2,43
EH0188,3.7,13
EE6037,4.2,16
CM0039,4.5,58
G27636,2.9,4
F34392,3.1,52
EG1728,4,27
DB1758,4.8,4
CI1822,5,50
CI9830,4.5,31
DB1459,3.6,23
EG5947,2.9,31
B44809,4.4,90
CG4044,2.4,80
CI9931,3.2,93
F35025,4.9,3
B96344,2.6,54
CL7543,3.1,52
F35560,5,99
CL7399,4.5,42
CL7303,,
CL7509,2.6,78
EF3500,4,10
EE8024,1,3
EE3655,2,35
EE8447,2,94
CL7426,3.6,33
EF9182,2,62
EE6317,2.4,57
EF3836,3,51
FW5351,3.6,53
DB0958,2,9
CI9939,4.8,29
BD7577,4.2,8
BB7828,3.1,28
DB3530,2.6,91
F34864,4.3,73
CJ8087,3.9,1
F34568,2.9,28
B41812,3.5,63
CL7310,3.3,21
CL7397,3.1,85
CL7624,4.6,7
CL7573,4.1,71
BB7716,4.7,77
EE6318,4.8,7
BC0020,4.4,73
CI9699,4.5,54
CJ8027,3.3,75
B37736,4.1,63
D97080,3.4,65
CL7308,2.4,1
G27464,3.1,25
CL9966,2.8,57
BD7480,0,34
CI1823,0,86
DB0961,0,67
CQ2896,1.5,64
B41649,3.1,90
CQ1711,3.3,27
CI9992,4.7,29
B37725,3.8,25
CI9831,4.4,52
BB7613,4.9,75
CK1229,3.6,77
BB7829,4.4,56
B44821,3.2,62
CJ7975,5,97
B43651,4.8,35
F35012,1,59
CJ8106,2.2,6
EF8729,1.5,86
BD7932,2,28
BD7914,,
CL7606,2.9,18
FV6448,4,13
G27639,2.8,95
CK9569,2.6,43
EE3649,3.8,31
CK9829,4.2,19
CG5801,3,61
CJ0027,3.5,8
CJ0070,3.6,93
CJ8989,4.4,10
BB7067,3.4,19
B41810,2,61
G26778,1.5,81
CJ8103,5,48
EE6876,4.4,75
EE7246,1,10
CK9805,2.2,71
EE5883,4,68
CK9785,4.4,76
CK9802,4,82
CK9860,4.4,62
EF1413,4.3,6
G27309,2.5,83
EE6436,2.6,34
EG8300,3.6,34
CM5922,3.5,54
CM4854,2.4,26
B43814,3.1,96
AC7045,0,47
D96746,2.2,98
EE3654,4,69
G26806,2.5,46
CQ1179,2.5,36
EE7840,3.3,85
EE4277,2.6,56
F35377,0,50
B37919,4.4,48
EG2363,3.9,76
CG3820,2.7,35
DB1560,4.2,23
F34428,3.8,58
F36994,2.5,95
B41648,2,0
B37959,1.5,65
BB6744,2.2,2
DB3588,2.4,83
F34563,3.1,28
F36208,2.2,61
CL7342,1,40
EE9721,3.5,67
FV2480,3.8,0
EE5590,2,84
CG2925,,
BB6918,4.2,95
EE9513,2.5,45
CP8828,3.9,31
CP9344,2,87
F36171,2.4,2
CI9976,2.8,92
CI9701,4.2,12
B44806,4.2,78
EE4577,3.9,60
BZ0109,2.7,44
F34571,3,88
CJ8014,3.8,73
CP8822,2.9,1
F36242,2.5,33
CJ8074,3.5,49
CJ8015,2,39
CJ8114,3.2,50
CJ8075,4.2,85
F35444,1,45
EE5508,4.6,95
CJ7991,4.4,95
CL7312,4,10
CL7611,4.3,9
CK9605,3.1,65
CK9481,2.2,27
CK9505,3.2,46
CK9485,4.9,65
CL7489,3.6,5
CL9947,2.4,95
EE5668,1.5,24
CK9539,2.4,24
CI1702,4,29
CI1812,2.8,3
FV4298,4.8,25
CI1739,4.7,39
CI1935,1,0
B37266,1,18
B37955,3.8,12
BD7842,4.8,73
BD7528,4.6,11
BD7840,4.5,96
CI1738,3,85
AQ0535,4.1,50
FV2484,3.1,14
EE8137,4.3,65
CL7455,4.8,85
EE9267,1.5,66
FW5365,3.3,82
CJ0177,2.9,44
EE8445,4,56
CJ0212,2.9,42
EE7917,4,20
CK1086,,
EF0586,3.2,91
EE7599,3.6,30
F34403,1,62
EF1157,4.1,13
F34407,4.2,0
G26942,3.4,43
F35379,4.8,61
F35382,3.5,13
F35378,2.2,3
F34400,3.4,48
EG4009,5,89
EE8489,4.5,9
BD7479,2.2,5
EE7763,3,24
BC0975,4.9,83
EF8730,2.6,37
EE7762,5,61
EE4937,4.5,13
EE8973,4.5,46
EE8331,4.7,16
EE4762,4.4,23
EE7163,2.8,23
EE6257,4.7,12
EE4445,2.4,66
EE4443,4.3,23
EF2102,3.9,68
CM0011,3.7,11
B22747,4.2,79
CM7988,4.9,3
BB9280,4.6,13
BC0973,4.8,23
CL7287,4,13
EE5790,3.6,49
CL0235,3.4,57
EF1344,4.9,68
G27506,4.2,99
F35373,0,18
F34394,3.4,27
DB3405,0,93
CK9474,3.6,86
EF8329,3.6,15
CL9983,4.9,45
EF0021,4.2,80
EF8348,4,30
CL9985,4.9,10
EF8211,0,4
CL9990,2.6,2
EF8208,3.8,83
EF1619,4.1,85
EG7224,4.4,88
CL9979,4.5,16
EF1958,3.4,28
EE9566,,
EF1806,3.7,74
EE9573,2,20
EF1957,4.7,42
EF1634,3.2,15
EE9577,3.9,20
G28550,5,61
G28551,3.5,78
EG7155,0,0
EF1809,2.6,26
EG0963,4.7,12
CM5919,4.4,16
EF1664,0,59
BZ0084,3.2,8
CM5920,4.9,92
CM5921,3.1,95
EF2778,3.6,36
F34053,3.5,65
B27788,2.6,43
B37945,5,79
B37846,4.9,99
B96323,4,27
DB3143,2.6,2
B41825,4.9,58
F36630,2.5,8
B37787,3.7,4
DB3329,2.4,29
G27808,3.4,46
DB2609,4.7,72
CJ9009,4.4,24
CL0233,3.1,36
CI1719,4.3,97
CM0106,5,1
CK9437,4.9,7
F34579,3.9,18
F34578,3.5,1
F36629,4.6,53
CQ2330,3.6,74
DA9854,4.7,22
CL9937,3.9,88
CQ2358,2.9,49
DB0959,2.8,85
DB1592,3.5,43
CQ2630,3.9,36
B41736,2.5,23
CQ2809,4.6,48
B41671,2.6,54
B41719,3,70
B37633,3,16
B75680,2.2,20
B37995,4.5,61
B41766,3.3,58
B38003,3.3,11
B37638,,
B27786,2.9,30
B37827,3.3,52
B37364,4.8,50
B42000,3.7,2
DB2736,2.4,50
BD7816,2.9,2
DB3276,3.4,3
BD7778,2.4,90
G27934,4.6,66
DB3565,4,47
F35627,2.4,63
F99866,3.4,46
F34038,2,56
DB1464,3.1,86
CJ3406,3.1,33
CI9718,3,0
DA9305,3.3,39
B44650,1,34
AC7044,3.7,78
CJ8055,3.6,10
B43642,1.5,2
CJ8100,3.1,56
CJ8028,4,30
CL7474,3.9,18
EF9181,2.9,83
CK9671,3,88
EE5855,2.9,98
EE5317,4.2,82
EE5621,4.8,26
EE4471,0,56
EE4446,4.9,12
EE4988,3,88
EE7741,2.5,52
EE7235,4.4,59
EE4962,2.8,0
EE4989,1.5,36
F36760,0,90
BD7316,4.2,20
EE7162,3.2,36
EE7238,3,62
CM6085,4.5,21
BC1037,3.1,90
CL7629,4.6,84
B41529,2.4,48
CL9920,4.8,32
B37727,3.6,40
AQ1022,2.6,10
D96745,4.7,21
BD7843,4.2,40
CL9922,4.7,51
CK9593,4.2,35
F34037,2.5,47
G28999,,
EE9812,1,18
F34608,4.4,37
F99253,3.3,26
F36204,1,89
B79773,2.2,19
B43743,1,9
B79774,1,4
CL0208,4.2,36
EE6664,1.5,78
CM7593,4.6,10
CM0037,1,21
EH1294,2.6,54
FV4300,0,68
B41677,2.4,35
CL7540,4.3,24
F34944,1.5,52
CL7625,3.7,10
CL7510,4.6,87
CL7512,4.1,83
EE9894,2.2,76
F35606,3.5,34
CK9842,3.2,3
CK9810,2.9,50
CK9787,4.8,23
CK9812,2.8,23
CL9975,3.8,58
G26170,3.8,1
F97258,3.2,43
CL9980,4.2,74
EG2066,4.2,98
CL9981,4.5,73
CM5995,2.4,16
AC8133,2.2,88
EE3656,2.6,31
G27274,2.8,41
G28372,1.5,2
EG1188,3.6,51
G27364,3.8,50
G28583,2.6,29
EF0582,1.5,34
CL7522,1.5,34
CM0040,3,10
CL9940,1.5,63
EE5107,4.9,69
DA9853,4.1,77
CG5675,4.5,99
EE5357,2.8,23
CL7641,3,82
EE5451,2.8,6
CK9458,4.1,12
EE4444,0,68
G28970,2.9,7
DB3021,,
EE6378,2.7,9
BB9890,4.1,75
EF2511,3.7,64
F36393,2.2,27
CL7275,3.3,97
EE7906,1,19
EE7908,3.6,73
EE7681,3,19
EE7680,2.2,34
EF5887,1,4
EE9675,4.9,50
EG8323,3.5,36
FV4417,2.2,1
EG3493,3.2,43
EE9717,0,80
CM4938,3.7,34
G27276,2.2,88
B37789,2.6,38
F36993,2.9,45
CM4773,4.9,80
BB1879,4,86
BB1878,2.6,97
BA9109,2.8,15
BB6079,2.4,56
BY2405,4.8,16
CJ8985,3.5,97
CL9949,4.4,7
CM0041,2.2,24
CK1083,2.7,0
CL0213,4.5,39
B43659,2.9,54
BC0516,3.9,62
BB9426,4.3,83
F34426,2.6,50
BD7810,2.5,18
B44699,3.6,54
EF8373,4.7,52
EG7971,4.8,76
EG7972,4.8,78
AQ0106,2,1
F34813,4,59
EE7379,3.7,85
EE9631,3,75
CK9819,2.5,16
EH1172,2.9,7
EE9635,4.1,34
EF9612,3.3,24
EH1851,3.8,79
EG1713,4.2,48
CM5923,2.2,72
CM5942,4.1,40
CM5932,2.5,82
CM5937,,
CM5933,3,18
CM5924,3.8,98
CM5938,3.3,91
EG4344,4.7,0
EG5839,4.6,94
EF8850,3,5
CL9957,2,66
B37704,4.6,50
CL9964,4.8,66
EF0804,3.2,79
EG1144,3.4,18
EG1146,4.7,78
EH1531,4.3,30
EE4316,3.1,35
EG1393,2.6,83
EG0978,2.7,25
EG0959,4.2,66
EE4185,4.1,25
EG0693,1,41
EF1043,2,13
EH1530,4.7,54
DB3145,4.4,4
CL7378,3.3,78
EG1391,3.2,98
FV4284,4.5,1
EG0695,4,40
EE5403,3.3,90
F35565,3.1,51
EE4935,2.4,15
F36392,4.7,72
EE5597,4.6,11
EG4370,3.2,14
EE7888,4.9,2
DB0156,3.9,48
EE7686,1.5,65
D96523,3.7,85
EG3278,4.2,5
EF6989,3.5,67
D96524,4.6,57
F35626,2.2,78
F35629,5,19
F35619,2.5,14
EF1162,5,52
G27244,1,64
CP9196,2.2,23
CP9028,4.1,88
CP8933,2.7,23
CP9029,3.2,18
BB9345,4.7,27
DB2064,5,34
DB2188,3.4,86
DB2125,4.2,65
DA9588,,
DB2080,3.6,24
DB2463,4.7,96
DB2166,4.9,86
BB9185,1.5,29
BC0552,3,12
BC0316,2.5,46
BB9375,2.2,51
D97992,2.8,47
BB8113,3.9,85
B43665,1,77
BB9188,2,20
EE7042,4.8,42
BB6280,4.9,8
CK9455,0,12
CG4019,3.5,72
F35784,2.5,84
BB6291,1,28
CQ3176,4.5,79
D97306,2.8,53
D97451,2.8,43
CK9859,3.1,7
G28832,2.4,43
EF5431,3.7,11
F34393,1.5,39
EF4258,2,85
CM5970,4.6,85
AQ0533,2.6,40
EG4958,3.3,92
280648,4.2,54
288022,3.3,95
CK9857,2,14
CL9944,4.5,3
FW0536,0,10
EF0709,2.7,58
BB6351,2.4,72
FU8299,3.7,32
CK9684,1.5,30
DB2071,3.1,90
BB9335,3.8,37
F36199,3.8,93
FV8788,4.3,4
EE6255,4.7,36
EE9845,2,95
EF0416,4.8,69
EF3830,4.2,20
EG3106,4.4,6
EG3667,4.8,91
FV3907,4.3,88
CM4815,2.5,5
FV4287,2.8,8
FV4291,1,6
BY9260,2.5,64
BB5478,,
CM4832,3.6,21
AQ8531,3.8,56
G27706,4,34
CK9655,0,24
EF4690,0,51
EF4689,4.6,93
EG4959,2.4,12
F35611,3.5,68
FV3017,0,21
FV2807,3.5,52
EG3284,3,62
F35383,3.5,30
F34412,2.2,87
EE9663,3.1,56
CQ2332,2.6,97
EE7744,3.8,25
EE7801,4.4,13
EF5945,3.5,43
FV4649,4,80
EF5891,2.8,20
EF5884,3.8,77
EH0169,4.4,44
EG7964,3.4,63
FV3023,4.7,40
EH0175,4.2,62
BB9347,4.9,75
FV2872,4.6,86
CP8971,2.6,15
F35341,5,64
FX4259,3.2,71
BB9367,4.5,54
CG6830,3.3,50
BB8090,3.2,3
EF8368,3.1,71
EE7695,3.2,67
EG6208,1,52
EE7678,3.9,83
EF1357,3,15
G27367,2.2,49
EF1240,4.3,43
EF8287,4.6,54
EF8292,3.7,22
EF2380,1,94
CM4816,4.7,9
CM4936,5,10
FW5354,3.2,9
FW8153,3.5,89
CM4881,2.5,82
F34408,2.7,0
CL7362,2.8,4
F35594,5,70
EF9237,4.4,46
CG6465,,
B43739,4.8,9
F35316,2.7,66
EE5803,1,88
EG3730,4.9,11
CM6084,2.6,6
EF4261,4.1,66
FW2154,2,35
CL7640,2.4,96
G26989,3.3,15
EE7720,4.7,34
B37698,2.7,57
CM6072,4.4,65
CK9795,3.5,87
FU8940,4.1,52
CL9923,3.6,91
BY4027,3.7,11
F35621,3,54
EE9554,2,6
B37697,2,22
FV7538,3.8,26
D97436,4.3,77
EE7692,3.4,23
EE9664,0,12
EE6036,4.8,53
FV7536,3.6,47
EH0151,2.4,80
CM5985,2.6,76
CM5951,2.7,81
CM5952,3.4,33
CM5964,4.1,75
EF1343,3.7,87
EF4343,2,15
B44142,1.5,43
EE4320,4,88
CL0252,3.8,22
EE7904,2.2,26
CM4885,4.7,7
BY4061,2.4,50
G26565,3.6,74
F36333,1,56
CL9986,3.3,46
EF8210,2.5,64
CL9976,3,61
EE4805,3.5,11
EF1814,3.3,97
EG0953,4.5,51
CM5915,4.2,57
G27504,4.4,49
BD7819,4.8,13
EF4260,3.8,50
EF4001,2,65
EF4262,4.7,3
EF5432,,
EF4028,5,50
EG8354,2.6,54
EG8355,3.6,80
CM4551,2,98
FV3018,4.8,87
EE4324,3.8,70
F34469,2.8,30
F35381,2.5,75
B96558,4.1,24
BA7376,3.4,63
B37435,4.3,49
F36334,4.1,52
CL7338,3.1,5
CQ1108,3.6,70
FV4083,3.4,61
CK1084,4.7,46
CQ1129,3.2,33
CQ1114,3.9,26
B22729,2.7,14
F36236,2.6,68
F36232,4.1,94
DB3555,2.2,16
B42259,4,33
B22728,3.8,48
B27818,2.8,16
B22721,2.5,75
B22726,4.3,47
B22762,1,13
B41486,2,49
B41686,3.6,44
B41776,4.3,76
F36221,3.1,41
B22790,0,41
BD7809,4.5,50
EG1212,2.8,94
EG1346,2,94
DB1347,3,2
F35595,2.7,67
B96569,2.9,24
F35593,4.8,46
EF2099,4.3,90
G27132,4.7,81
DB3389,0,40
EF1649,3.7,12
EF1698,1.5,52
EF2208,3.3,40
EG0964,2,0
EG7202,4.5,78
EG7130,4.4,70
FU8926,5,32
EF1707,3.8,26
G54739,4.7,26
B44705,,
DA8693,4.1,88
CM0105,2.7,87
F34611,4.3,77
EG5933,4.9,94
BB6574,4.5,96
BD7878,2.5,70
CK8040,2.8,53
CK8037,3.3,53
CK8039,3.9,56
EE6254,3.6,75
EE6081,0,94
EE7383,4.1,60
EE9665,4.2,16
EE6111,5,94
D97654,4.4,38
EE6112,4.5,23
CL9854,0,10
EE4284,3.5,39
EF0609,4.7,72
CM0060,3.5,86
G26566,1,19
EF0500,3.6,48
F34375,4.5,16
EG1851,2.8,2
BB7236,3.8,1
CP9392,2,58
F34573,4.8,62
CL9853,3,26
EF2378,4.1,5
F34390,4.6,41
CL9851,0,64
F36412,1,59
BB9425,2.5,91
S78048,4.1,13
G27463,3.5,4
B44869,4.8,88
CM0002,4.1,53
EH1837,3.9,56
EF2392,4.3,52
EH0433,2.8,87
EE4393,4.3,28
EE9642,4.7,40
EG0692,2.5,88
F34376,3.9,87
DA9997,3.9,76
G28527,2.5,43
CQ0443,4.9,22
EE9555,3.8,5
EE9027,4.9,81
G28523,3.2,94
DB3390,1.5,33
BB9440,3.4,17
CP8932,,
D97959,3,59
D97609,1,18
BB9187,1,80
AQ0407,3.1,74
FW5366,3.4,38
CJ8979,3.7,52
B42099,5,8
CM0042,3.5,48
EE6814,4.5,7
BD7927,2.4,37
FU8296,4.1,88
EE9576,3.9,83
CM5914,2.9,53
EF0893,2.6,94
EG0979,5,67
CK9797,3.5,69
B37706,4.6,16
CG6237,3.3,58
AW4591,3.5,99
DB3364,2.4,29
F35234,3.6,19
B37703,4.8,84
D97441,5,36
CM6023,4.9,44
CM6022,4.4,18
EH0166,2.4,29
EG0429,3,39
FU8298,1.5,48
FV0033,4.2,19
CL9987,2.4,21
FU8297,3.7,74
EF0573,3.1,34
EG0755,2.7,58
FW1970,3.6,1
BD7865,4,53
EG2211,2.8,31
D69234,3.7,31
EG2216,3.6,41
EG2007,4.8,37
CM6029,5,29
EF2479,2.7,64
EE9658,3.6,58
CM6028,2.2,45
EE7669,2.5,69
CM6027,2.2,15
EG2009,4.9,68
CM6007,1.5,5
CL9855,2.5,15
EF3504,5,22
EF0606,2.5,8
M20324,4.5,40
EG2659,5,78
FW5445,,
FW3136,3.7,47
EH1106,4.9,84
EH1943,2.7,50
EG0773,4.6,6
EG2799,3.8,98
EF9919,3.4,81
EE4599,3.4,39
EF9866,2.6,71
EF9908,3.4,62
CM6031,4.7,89
CM6012,5,35
EF9926,4.8,21
CM6013,4.7,7
D96931,3.4,58
BB3218,2.7,92
EH1875,4.8,55
CM6032,0,88
EG0691,4.4,26
G28220,3.9,42
FW0525,3.5,48
G26934,3.6,68
EF3509,1,43
EF3503,4.9,47
EF3505,4.4,30
CM6008,2,87
BC0980,4.6,6
EF9924,4.4,89
CJ1646-600,0,0
CT4328-101,0,0
CI3482-200,0,0
CD0479-200,0,0
CZ6156-101,0,0
CJ6314-146,0,0
CI0808-100,0,0
CJ0861-017,5,1
AT8242-009,2.7,14
CK2595-500,5,2
CD0490-104,5,9
315115-112,4.5,67
AV5186-101,0,0
CJ0860-668,0,0
AJ6910-009,4.4,48
BQ7043-668,4.4,34
CK2608-100,0,0
921733-104,4.3,16
CJ1379-001,0,0
CT1726-100,0,0
CT4525-001,0,0
923112-001,4.2,6
BQ3381-600,5,2
AO2982-076,4.4,22
CJ0277-002,0,0
AQ2730-009,,
CT1030-100,0,0
CK9671-001,4,1
BQ4632-602,4.3,4
CJ0280-001,0,0
AR6374-402,4.2,5
CU5646-001,5,1
AR4543-013,4.9,7
CI3707-100,0,0
CQ9500-100,0,0
CJ1642-002,0,0
CD0888-002,5,3
CI3868-001,0,0
CJ0636-100,1,1
852542-087,4.8,13
CK2351-601,4.9,7
BV0657-400,4.7,3
AT8000-104,0,0
554724-066,4.5,61
CJ0619-100,0,0
CJ0592-001,0,0
CT3867-001,0,0
CJ0267-001,0,0
AT7998-104,0,0
AT7898-104,0,0
CD5086-500,0,0
CJ0625-700,0,0
CT4352-104,0,0
CD3002-103,5,2
CD3460-010,4.5,31
CD3395-006,5,2
CQ6569-001,0,0
AT7997-606,0,0
CI3708-700,5,1
CT1104-700,0,0
CD5007-102,3,2
AT7995-104,0,0
BV9977-101,0,0
CD0200-003,5,1
BQ3177-100,4.5,47
DA4155-400,0,0
CJ0773-010,0,0
CQ0912-100,5,2
CT1099-093,0,0
CI1718-001,5,2
CD0490-101,5,9
AT7980-606,0,0
BQ3202-011,3.1,8
CD0113-400,5,1
CQ2344-100,0,0
AO4971-700,3.9,33
AV2605-101,3.7,27
AA1625-009,4.2,9
CK3022-005,,
AO7351-104,2.7,3
AJ9515-001,0,0
AO2434-101,0,0
CJ0861-010,5,1
AT1198-401,0,0
AT7996-606,0,0
CK2772-101,0,0
AQ7477-009,2.6,11
AQ5707-001,3.9,10
BV4584-001,5,2
CD6721-808,0,0
AO0566-606,2.8,5
AT5410-003,4.5,2
BV6348-300,2.6,20
CI3703-401,0,0
AT7946-414,5,2
BQ5401-001,2.9,12
BV7725-500,5,3
CU7623-002,3.5,2
CK5669-400,0,0
704939-103,4.3,8
CD5050-400,4.6,5
CK5836-100,5,1
CI1396-600,5,1
CD0916-001,5,1
BV1507-001,4.8,5
BQ6623-070,4.4,18
CD4156-606,0,0
CI3831-200,4,1
AO1741-003,3.7,3
AH8050-100,3.8,81
CD4159-606,0,0
CK4363-100,5,6
CN8490-100,5,3
CI9921-001,0,0
AO3269-717,4,3
CI9367-301,3.5,2
AT7960-104,0,0
AT8179-100,4.4,7
AV3866-001,5,1
AH1015-010,4,25
AT5293-004,3.1,7
AT7949-606,0,0
AT6395-002,4,6
CK6357-005,4.3,12
AV5555-001,4.3,9
310805-137,4.7,223
130690-017,4.5,24
CT1264-101,4,1
CK5668-600,0,0
BQ5427-401,0,0
AQ7497-300,5,3
CT4526-100,,
AH7378-801,0,0
CJ0404-001,0,0
CI3871-300,4.4,5
BQ2728-012,3.9,17
CT3110-400,0,0
CJ0270-601,0,0
CT8919-700,4.5,2
CT1020-001,0,0
CD5082-001,4.5,2
BV5739-500,4.7,3
CW4286-100,0,0
CD0887-201,5,3
CD5028-900,0,0
AJ6900-102,3.7,50
CI9842-500,5,2
CI0919-100,4.8,20
CK7200-800,0,0
487754-303,3.9,17
AH7249-118,3,1
CJ9684-001,5,2
AO0354-108,4.9,8
AT2863-100,3.1,54
832528-001,4.5,6
CD4371-001,4.6,68
AQ8830-016,4.1,17
AO9819-001,4.4,27
AR3863-101,0,0
CI3706-100,0,0
AT1369-103,0,0
AQ1189-009,3.7,31
CU5133-600,4.4,7
CK9670-100,0,0
CI5546-100,2,2
BQ6826-003,4.8,4
CU0814-102,4,1
AV4789-104,4.4,7
CJ3312-001,5,1
AR6631-004,3.8,24
BQ6166-003,3.7,31
CQ0492-001,4.5,2
918193-700,3.6,20
AQ0926-001,0,0
AQ7489-008,3.6,14
CD7070-009,4.6,15
AH7857-009,4.2,23
CT5229-001,0,0
CJ1300-401,0,0
880848-005,4.3,105
AT8240-003,4,30
942851-002,3.9,61
AR5677-200,4.6,12
CI9949-001,,
AJ6959-717,5,1
415445-102,4.1,94
BQ5422-200,4.2,30
AT7975-606,5,1
553558-125,4.6,34
AQ0925-002,0,0
CD6404-800,0,0
AQ4176-049,3.5,4
CT3632-001,0,0
CK2718-003,4.1,10
AO2924-401,4.2,62
AR4229-003,4.6,18
AQ8306-407,3.4,23
CD0881-104,4.7,9
CT5342-007,4.8,11
CI3705-600,0,0
AQ7878-003,1,1
AO0570-810,0,0
CT5528-001,0,0
CD7288-001,5,1
BQ5435-703,0,0
BV0612-001,3,4
CD2182-001,3,4
133000-106,0,0
CJ0579-400,0,0
BV0417-401,4.4,12
AQ2203-003,3.6,23
BV5502-600,5,1
CD7005-001,5,1
CD2803-001,4,1
CJ6971-001,3.7,3
AJ7695-100,0,0
640744-016,4.1,9
AQ2568-100,4.5,13
CT2007-100,5,1
CI3866-100,0,0
CU8861-460,0,0
AT6107-606,0,0
CJ0219-400,5,2
BQ5615-002,5,1
BQ3448-400,5,2
BV6344-001,3.7,19
CQ6639-001,0,0
AO2132-401,4.4,5
CD4363-103,4.8,5
CI3794-600,4.6,5
CK4126-001,0,0
CQ3317-001,0,0
AA8030-108,3.3,13
AO3622-006,0,0
AT7967-104,0,0
343881-412,4.3,12
AQ4312-107,4.6,23
CD0188-101,0,0
AA7406-006,3,6
CD0917-300,3.2,5
CI2666-400,3.7,11
AT5301-003,5,2
CD2153-001,5,1
AT7324-001,5,1
CJ0710-004,0,0
CK1069-001,0,0
CT3509-001,0,0
CD0191-009,0,0
AT3378-471,4.2,5
CD6105-007,0,0
CD4373-001,4.7,3
CD4173-606,0,0
AV1201-600,5,3
AV6337-003,4.5,4
CN6928-300,4,4
CD4372-004,4.2,29
AT5292-606,2,1
AQ2456-007,5,3
CJ0217-001,0,0
315122-001,4.5,78
CK0980-002,0,0
AR4225-003,4.2,6
CT3890-101,0,0
AT7999-414,0,0
CD4161-606,5,1
CD2189-002,4.5,2
CD6615-100,5,1
AO2605-600,0,0
864348-019,5,2
BQ5808-100,0,0
CN5501-046,0,0
BQ5102-400,4.5,2
CJ0588-001,0,0
BV7774-100,0,0
CI1694-300,5,1
631261-035,3,5
BQ4630-500,4.4,10
AT6099-606,5,1
AT5269-606,0,0
CN7664-800,5,1
CD4962-001,5,1
AO4568-600,4.7,45
705265-006,,
CJ0266-001,0,0
AA1636-406,3.6,10
BQ5190-101,5,1
CT2692-002,4.6,14
AO0577-717,0,0
CU3005-171,0,0
AA8018-101,4.3,10
AV6243-400,4.5,2
CT2535-001,0,0
BQ5430-401,0,0
AQ0927-100,0,0
AQ4126-100,4.5,2
918194-003,2.5,6
AO0578-717,0,0
CK0986-002,0,0
BQ5469-703,5,1
CT5063-100,0,0
488161-602,3.8,5
528895-003,4.4,25
CD4570-300,5,3
BQ3203-007,3.7,18
CU3013-070,0,0
CD6720-808,0,0
CJ5472-900,5,1
315123-111,4.5,13
849559-004,2.9,71
AO3095-100,5,2
AR8836-009,0,0
CT5062-100,0,0
CN2408-001,4,3
414571-030,3.9,34
CJ2586-100,4.4,9
BQ5240-200,4.8,4
CI1504-100,0,0
CK2630-700,4.1,18
CD5029-001,5,1
CD0189-001,0,0
CK1195-101,5,1
CJ1292-401,0,0
BQ8928-011,4.1,72
BV5841-800,4,1
CD4387-100,5,1
BV1712-001,0,0
BV7106-400,4.7,3
AQ2210-002,4.4,19
AQ2222-200,5,6
BQ4430-400,5,4
CD2717-001,4.3,3
943806-602,,
CN2932-100,4.6,8
CI9994-001,0,0
CN6916-100,4,6
CU2708-901,0,0
BQ6044-100,3.9,10
CD4365-003,4.3,3
749571-154,4.2,5
CI3835-002,5,1
CJ1306-401,0,0
CW6565-900,0,0
AO1742-004,5,4
AT6109-606,0,0
CD4172-606,0,0
AR4561-200,4.2,42
CD0132-001,0,0
BV1357-003,3,5
AT3381-008,2.4,5
AT7978-414,5,1
CJ6106-100,5,1
CK0089-100,0,0
CT7695-401,4.8,4
AO3258-080,4,5
BQ0129-106,3.5,2
AQ0114-101,4.8,6
AO1023-005,4.4,10
CW4409-100,5,1
BQ1896-002,4.1,11
AO3116-004,3.4,7
CI3870-100,0,0
CI2668-004,4.7,17
487471-003,4.2,12
CT2584-100,0,0
AQ5708-201,4.1,13
AR5676-401,4.2,9
AT6110-004,2,1
AQ7491-008,2.9,8
CI1291-400,5,3
CN5455-160,4.5,2
CD5036-100,5,1
CQ6278-001,0,0
CU3459-200,5,1
BQ3610-100,0,0
AT5303-100,2.7,3
CK2531-001,5,5
BQ3611-100,5,1
CV5515-001,0,0
AQ7487-201,3.8,6
AQ1289-003,3.9,25
881105-800,5,2
CI7523-002,,
CT7698-600,5,2
BQ9665-301,4.4,5
BV7766-100,2.7,3
832655-001,0,0
CK2719-400,2.2,5
554724-050,0,0
AO3189-600,3.5,6
AQ2731-500,4.4,26
AH1016-602,3.4,26
AJ6844-007,0,0
CN3591-002,5,1
CI1214-004,1,1
343880-090,4.1,33
CQ7731-900,4.6,5
CD4366-002,4.8,4
CI5646-200,4.8,5
CD4573-001,5,2
BQ5613-001,0,0
AT8241-002,4.8,12
BQ4631-100,0,0
AQ2567-002,5,1
844127-108,5,1
AT7993-414,0,0
CK3309-001,4.5,2
749747-010,1.5,2
634835-108,4.5,63
366731-100,3.8,4
CD3398-063,0,0
CT5064-001,0,0
BQ4424-700,5,1
AV4417-002,4.5,6
AO0571-606,5,1
AT6174-004,4.2,30
AR7718-001,3.4,5
AQ7488-004,0,0
AV4126-002,3,2
CK2085-002,,
CU0675-300,5,1
618919-031,4.1,8
BQ8927-102,4.2,45
921826-016,4.3,17
CK3314-400,5,1
BQ3378-002,3,1
BV7754-001,0,0
BV0415-300,4.9,17
AR5149-005,0,0
CQ7619-700,0,0
AQ4174-049,4.3,8
AJ1285-101,4,9
AV6259-500,5,5
AT5292-004,2,1
812654-011,4.2,25
CT5543-300,4,1
CU9174-600,5,1
CJ0509-001,0,0
CK3312-001,0,0
CT0624-100,0,0
CJ9712-001,4.5,4
CT1549-001,0,0
CD0683-600,3,1
BQ3212-600,4.5,6
807471-101,4.5,34
AT6175-100,4.6,16
AH6789-023,3.9,63
AT7996-414,0,0
922474-001,3.8,15
CI3898-200,5,3
CJ0882-001,0,0
BQ5467-101,4,2
AO3267-080,0,0
AQ7492-010,4.3,12
CJ0220-400,5,2
CQ6566-700,4.7,3
AJ4115-060,3.6,20
AQ1316-500,4.2,13
BV5740-101,0,0
CJ9681-001,0,0
AT6817-300,,
CD0431-107,4.7,3
AV4052-116,5,1
CK4122-100,0,0
AQ7483-001,4.5,2
CD8526-446,3,7
CJ1292-703,0,0
CI1396-004,5,1
807471-103,4.5,34
CJ1794-600,5,2
CK6360-001,4.8,5
CQ6549-001,5,1
AR5339-002,4.5,36
CD2053-105,5,2
CI7395-100,0,0
AT5673-700,0,0
BV7775-100,5,1
CI7815-602,5,2
CJ0818-146,0,0
CI1289-100,0,0
CD7287-003,0,0
AO2607-401,4,19
AO3424-001,1,1
BQ5972-001,0,0
313358-006,4.8,4
CI1290-100,5,2
BV6484-002,0,0
885118-001,4.6,12
BV7099-400,4.5,2
BV3387-400,0,0
849560-001,3.5,18
AA7408-008,3.2,15
BQ9138-601,5,1
AV5187-602,5,1
AA0287-002,3.6,5
BV7756-001,5,1
AR6632-603,3.5,11
AA1640-002,4.3,14
AA8027-109,4,3
AR4225-100,4.2,6
CD6964-002,4,1
CN7383-300,0,0
CI7388-600,5,1
BV7782-001,0,0
CK2630-001,4.1,18
CN6867-001,0,0
BQ7978-001,0,0
844896-002,0,0
BQ6046-010,3.7,3
CT5770-300,5,1
CU3004-176,0,0
CI3899-200,4.3,6
BV0389-001,0,0
CQ0989-002,4,1
CI7379-400,0,0
CN6881-300,0,0
CI3869-500,0,0
AV9370-001,5,2
BV1134-001,4,5
CT1531-001,0,0
AR7410-603,4.8,20
BQ5435-401,0,0
812655-011,4,53
325213-139,3.6,5
AO9820-001,4.1,8
AA1626-602,2.7,19
AQ8228-102,3.7,10
AH7858-010,2.8,11
CI1246-302,3.7,3
AO7353-105,4.5,2
CI3709-001,4,1
AA8022-107,3.8,4
CK3321-100,0,0
AO3108-018,4,13
CQ2503-900,4.3,3
AR9293-603,4.9,18
BV0614-005,3,4
CQ7620-001,0,0
BV1021-007,4.7,10
CJ0842-600,0,0
AV9373-002,0,0
807443-503,3.7,3
AO3166-300,5,3
CI3446-001,5,1
AR4347-600,1,1
CI3867-001,0,0
CQ0278-200,0,0
AT7968-606,0,0
BV7757-500,5,1
CD2722-001,3.3,3
AT6100-606,0,0
CT9155-063,3,1
CI1236-100,5,1
AH6799-300,4,4
CJ9585-600,0,0
