product_id,last_visited
AH2430,19/5/2018 15:13
G27341,29/11/2018 16:16
CM0081,1/2/2018 10:27
B44832,7/9/2018 20:06
D98205,18/7/2019 15:26
B75586,30/1/2019 12:09
CG4051,22/3/2019 16:36
CM0080,10/3/2019 1:46
B75990,29/5/2018 8:16
EE5761,29/11/2019 17:22
EE4553,26/6/2018 23:34
EF9315,11/1/2019 9:57
F35281,6/3/2019 14:49
EF9220,
EG0000,14/7/2019 4:47
B44889,
CL7417,29/1/2018 10:02
CL7408,22/5/2018 2:28
B43601,11/12/2019 20:21
EE8245,17/12/2018 4:17
EE8042,15/11/2019 13:40
CL7429,10/2/2020 13:54
CL7370,
EE9946,6/12/2019 0:47
CK9741,2/6/2019 17:23
CL7363,18/11/2018 2:27
CL7372,22/5/2018 14:19
CL7430,15/10/2019 17:42
F34485,6/11/2019 0:34
CL7365,14/2/2018 22:21
CL7373,10/4/2020 1:10
CL7364,22/2/2018 23:54
CL7374,11/11/2019 18:49
EE8167,11/1/2018 8:51
CL7410,5/3/2019 16:26
CL7401,14/3/2018 0:47
EE8219,7/6/2019 17:12
CL7402,26/7/2018 6:40
EE9929,7/12/2018 0:42
EE8221,
EE8224,26/8/2018 1:19
EE9941,17/1/2018 1:47
EE8522,5/1/2020 3:38
EE9932,15/2/2020 13:43
EE8375,
EE9798,27/6/2018 0:53
EE8502,16/1/2019 0:33
EF0450,8/1/2020 11:57
CL7375,10/5/2019 12:26
EF0446,24/1/2019 7:22
EF0529,17/5/2018 13:11
EE9940,29/3/2018 16:02
EE4954,19/3/2020 2:30
G27996,10/8/2019 8:32
CL4156,12/4/2020 7:09
EE4893,27/6/2018 20:38
EE9937,20/11/2019 21:23
G27649,5/11/2018 18:12
EE9797,21/2/2020 4:01
CI9914,9/8/2018 5:06
EE8252,18/6/2018 19:23
CK9664,
EE8501,14/8/2018 19:24
CL7602,10/4/2019 22:45
CL7494,8/4/2020 0:27
EE7923,20/6/2018 18:47
EE5566,19/9/2019 14:58
CI1821,
CJ0082,5/5/2019 13:56
CJ8062,18/5/2019 4:46
EE6038,16/4/2018 23:48
CM0068,18/1/2019 1:16
CK9830,10/10/2018 23:22
CJ0080,24/9/2019 18:44
EG4957,18/1/2020 8:57
BD7438,
B75579,1/2/2019 16:49
CM0057,15/1/2020 7:13
CL0206,
CJ8058,21/10/2019 15:54
BZ0086,5/7/2019 15:23
CJ8117,8/4/2020 5:43
CJ8073,
CL7551,6/8/2018 16:32
AC8122,21/2/2019 12:08
CM8453,5/10/2018 13:01
EE3625,12/9/2018 13:20
CM0031,24/1/2018 11:32
EE7697,27/12/2019 2:23
F36159,5/8/2019 4:46
F35028,24/12/2018 14:02
AC7042,
CJ8053,2/2/2019 21:47
BC0836,2/10/2018 11:17
F35275,
CJ8115,7/11/2019 8:10
CJ8089,20/12/2019 5:48
EE6128,12/6/2019 17:01
CJ8118,5/7/2018 9:01
CL7328,5/2/2019 3:46
CL7470,23/10/2018 12:53
CL7541,2/10/2019 0:32
CL9928,20/1/2019 1:59
CM0045,21/3/2019 23:29
CL7599,24/9/2018 9:44
CM0069,24/5/2018 12:24
CL7511,3/1/2020 1:36
CL7552,22/12/2019 22:19
EE9816,23/9/2019 5:52
CL7545,17/10/2019 14:28
EE5060,25/7/2018 21:27
F36718,28/11/2018 15:15
CL9927,19/2/2020 0:40
CL7285,
CL7471,14/1/2020 16:44
B96360,2/1/2019 15:17
EE5778,7/5/2018 12:14
EE4519,24/1/2019 0:47
EE4504,13/10/2018 23:47
EE4697,26/1/2020 17:05
CM0044,19/8/2018 8:41
EE6045,6/12/2018 14:10
CG6091,26/4/2018 3:41
G27834,19/2/2020 8:34
CL7598,19/7/2018 3:30
EE4709,21/5/2018 2:46
EE4948,4/6/2019 23:22
EE9671,18/4/2018 4:46
EE7046,18/1/2019 1:16
EF0451,22/12/2018 0:09
EE4561,4/9/2019 10:15
CL7601,
CL7330,17/8/2018 23:46
CM6625,26/4/2018 12:54
FV3395,
EF9317,
EF4954,29/7/2018 8:24
EE7104,
FV4070,21/10/2019 19:51
FV3918,28/10/2019 7:13
EE5055,15/10/2018 8:42
CM6626,28/8/2018 13:53
CQ2030,22/1/2018 8:11
EE5292,28/2/2018 11:34
BD8041,1/6/2019 0:34
B37719,12/12/2018 12:22
EE4505,3/12/2018 12:26
CM0072,10/1/2019 12:53
EF0795,10/2/2018 18:17
EE5875,10/2/2020 6:00
EE4947,9/10/2019 10:17
CM6627,10/3/2019 4:24
CQ2039,7/4/2018 22:33
CG6193,7/2/2018 19:11
S82260,31/12/2019 7:46
EE4945,20/2/2018 23:11
EE7155,30/1/2019 14:47
B44846,13/10/2019 7:46
EE6044,2/7/2018 20:27
EH0192,31/12/2019 18:18
EE7045,27/10/2019 12:47
CL7646,18/5/2018 10:15
CL7346,6/3/2020 18:15
EE5777,9/12/2019 9:06
AQ1210,16/8/2019 2:47
EF5925,3/2/2020 4:09
EE7032,1/7/2019 20:32
EE7708,16/9/2018 5:33
AQ1119,
F34311,8/6/2019 23:29
CL7645,7/9/2018 4:18
EE5089,5/5/2019 2:05
CL7565,13/2/2020 23:32
G27727,16/11/2018 10:57
B44697,27/10/2018 1:09
CL7400,9/12/2019 6:28
CL7437,18/10/2018 15:42
CL7563,24/10/2018 9:57
CL7460,13/6/2018 7:43
CL7507,19/6/2019 21:30
CM0061,24/7/2018 20:26
F34308,6/7/2018 11:21
CL7506,6/4/2019 5:31
CL7344,20/10/2018 8:31
EE5318,2/1/2018 12:52
CL7564,29/4/2018 18:35
CL7439,27/3/2020 10:38
CL7345,16/7/2018 20:12
CL7644,29/9/2019 1:26
CL7438,12/12/2019 21:22
CK9843,6/2/2019 4:47
EE8738,31/7/2019 6:16
CL7576,26/12/2018 13:26
CL7482,30/8/2018 23:49
EE6129,6/12/2019 4:44
EG3290,19/3/2019 4:20
CL7467,22/2/2019 5:15
EF1426,5/4/2019 11:05
CL7264,
CL7472,22/1/2019 19:49
CL7560,4/3/2019 6:12
EE4574,17/3/2018 6:28
CL7445,30/5/2019 6:26
CL7404,14/1/2020 6:12
CL7515,
EE4763,7/2/2019 0:32
CL7616,17/8/2019 16:58
CL7591,3/8/2018 2:57
CK9831,21/3/2020 17:42
EF2508,20/12/2019 13:42
CL7495,26/10/2019 23:37
EE5592,26/3/2019 12:46
EE5398,9/5/2019 14:03
EE5304,27/5/2019 17:52
EE7242,24/11/2018 7:14
CM0064,3/6/2018 23:53
EE7885,24/10/2019 17:38
CM0049,17/3/2018 15:41
CL7548,1/6/2019 3:12
CK1088,27/4/2018 7:20
CL7263,9/3/2020 1:33
CL7483,24/3/2020 6:16
F34340,12/4/2018 3:56
CL7590,19/3/2019 6:58
CM0030,24/3/2018 0:25
CL7468,13/9/2018 7:46
EE8076,16/3/2020 23:09
CM5955,3/7/2019 12:02
B44870,15/2/2020 18:59
CL7265,20/1/2019 13:50
CL7484,24/11/2019 17:33
CL7537,27/1/2019 23:35
EE8088,10/1/2019 15:31
CL7577,
CM0058,23/8/2019 3:19
EE7698,8/3/2020 18:58
CM0009,26/8/2019 6:22
EE7884,7/1/2020 12:15
F36922,11/9/2018 8:22
DB3114,24/2/2019 3:20
F36217,5/2/2020 16:43
EE8272,18/6/2019 3:22
CL7538,4/7/2018 2:44
EF0695,13/10/2019 3:49
DB3599,18/11/2018 3:46
CL7321,28/5/2019 22:50
DB2117,23/3/2018 9:56
EE4698,18/12/2019 20:53
B28166,5/4/2018 8:40
DB3259,24/2/2020 22:52
EE5534,18/9/2019 6:03
EF0811,23/5/2018 2:10
CK9723,6/9/2019 4:23
CL7322,9/2/2019 18:22
CG6021,21/1/2018 7:10
CG6188,29/6/2018 22:40
BD7685,9/2/2018 6:44
BD7475,23/8/2018 16:42
EF9226,31/7/2019 19:26
F34668,26/11/2018 23:45
EE8257,7/3/2019 15:50
B37973,3/4/2019 16:57
EE7068,28/9/2019 1:44
EH1363,7/1/2020 8:18
EE5772,29/8/2018 17:32
CG6104,18/11/2019 20:40
EF2437,14/12/2018 6:30
CM0070,5/3/2020 18:33
D96760,26/1/2019 22:34
CM0077,27/1/2019 7:47
CM0091,14/5/2019 23:05
CL7550,17/10/2019 10:31
F36675,
EF1065,7/6/2019 6:40
EH1361,23/3/2018 2:02
CL0243,21/2/2020 0:04
CG6177,1/4/2020 20:59
FV3288,17/6/2019 20:47
EE4949,27/11/2019 7:26
BB2344,22/6/2018 10:17
EE6080,4/8/2018 6:36
EE6047,28/10/2019 1:57
EF0078,19/6/2018 7:14
EE5565,11/10/2019 22:51
EF4965,8/11/2018 8:05
EE4946,15/7/2018 4:42
B37090,2/2/2020 0:30
F36516,27/7/2018 15:35
DB3112,24/7/2018 5:57
EH1366,1/3/2020 22:23
CG6164,8/6/2019 9:00
EE4959,4/10/2018 2:47
EF2438,29/3/2018 2:52
F35567,9/10/2019 10:17
EE8165,1/2/2018 10:27
EE5846,11/2/2019 3:17
F34846,27/9/2018 3:34
B41663,20/2/2019 12:26
CK9690,13/10/2018 10:37
EE7927,25/1/2020 12:07
CK9688,19/5/2019 21:35
CK9424,23/2/2018 17:01
CK9430,12/8/2018 23:57
CG6228,22/11/2019 10:15
DB3600,7/4/2018 14:39
EE9892,28/2/2018 15:31
CL7461,18/7/2019 12:48
CK9678,13/2/2018 0:16
CK9696,12/3/2019 6:26
CK9695,10/1/2020 7:24
CK9683,31/7/2019 1:00
CK9692,16/8/2018 10:54
EE7919,
CL7517,29/7/2019 16:05
CK9698,16/11/2019 5:28
CK9418,30/3/2020 18:57
EF0322,17/9/2019 14:15
CK9427,4/3/2018 14:19
EF0437,24/1/2018 4:57
EF0435,15/3/2019 17:23
CJ8090,31/7/2019 19:26
CL7542,27/2/2019 7:42
CL7311,8/8/2018 17:15
EE8028,5/3/2018 12:42
CL7398,
CL7306,8/1/2019 0:19
CK9697,8/9/2018 17:10
CI9915,8/4/2018 2:30
CK9590,23/8/2019 12:32
CL7458,20/10/2018 23:00
CI9913,
CL7459,27/2/2018 1:20
CI9991,11/9/2018 21:32
F36996,27/5/2018 15:27
CJ7974,6/4/2019 5:31
CL7588,3/2/2018 20:23
CL7407,12/10/2019 14:39
CL7406,16/10/2018 16:18
CK9420,11/12/2019 13:46
CL7389,18/7/2019 7:32
CL7516,8/2/2018 22:50
CI9989,1/5/2019 8:33
CL7405,29/12/2018 2:00
CL7473,19/11/2018 21:54
CJ8110,16/7/2018 10:59
CJ8019,15/3/2018 5:45
CK9604,15/2/2020 17:40
CK9431,8/2/2020 21:05
EE7289,28/12/2018 4:56
B75580,29/9/2019 15:55
CK9432,6/4/2018 9:41
EE4925,25/10/2019 9:26
EE4953,14/1/2020 20:41
CL7469,24/8/2018 5:52
EF8858,7/9/2019 21:12
EF9219,26/1/2020 18:24
CL7513,2/5/2019 21:25
EE7098,4/1/2018 0:25
CL7425,7/4/2020 9:58
CL7508,29/8/2018 7:00
EE7292,4/12/2018 18:43
CL7589,18/1/2019 17:04
CJ8061,7/5/2019 17:17
EE5847,2/3/2020 2:20
CK9686,13/8/2018 17:04
EE4567,19/11/2018 20:35
EE5585,11/9/2018 18:54
B96519,14/3/2019 16:22
B96563,1/5/2019 5:55
CL7547,26/10/2018 1:27
EE4563,5/2/2019 3:46
CK9714,10/10/2019 20:31
F36475,6/1/2018 23:31
FV8794,14/9/2018 3:31
EE5177,7/3/2019 11:53
CL7582,12/1/2019 16:14
F36339,11/1/2018 2:16
EF1963,23/1/2020 11:24
F34442,27/2/2020 8:48
EE9933,4/11/2019 1:10
EE6090,17/11/2019 6:29
B75583,12/12/2018 3:09
EE7922,30/11/2018 17:17
EE5081,27/6/2019 23:03
EE4678,
CM0076,29/12/2019 20:13
B28156,12/10/2018 1:42
EF0527,15/1/2019 0:51
EE4566,
EE8302,17/9/2019 23:28
CM0075,16/2/2019 0:28
EF0152,7/7/2019 21:22
CM0093,8/10/2018 0:16
F36218,11/6/2018 5:41
CM0083,13/7/2018 10:34
CM0078,28/3/2018 15:01
CM0079,10/4/2018 13:45
CM0074,
CM0073,14/8/2018 22:02
CM0092,25/2/2019 21:28
EG8672,29/1/2020 17:30
EG8480,26/5/2018 9:10
EG3148,29/10/2018 7:08
CM0082,21/9/2019 13:03
EG3185,5/2/2018 6:37
EG4006,29/8/2019 12:03
EG4007,29/9/2018 22:43
EH1178,6/3/2019 18:46
EG4316,7/9/2018 2:59
EG3253,15/10/2019 4:32
EG4314,6/3/2019 6:55
EH1379,2/7/2019 21:33
EH2586,4/1/2020 19:44
EG3698,11/10/2019 13:38
EH0165,11/7/2018 4:35
EH1211,14/11/2019 21:52
CK9665,21/2/2020 4:01
CK9663,23/12/2018 3:48
EG3953,28/4/2019 13:24
EG4176,24/11/2018 13:49
CI9916,3/2/2020 6:47
EG4175,14/7/2018 20:48
EG4004,6/2/2019 11:22
CJ8068,9/10/2018 3:55
CK9681,12/4/2019 23:28
EE9731,12/7/2019 8:01
CK9591,22/4/2019 17:50
CK9648,3/9/2019 23:43
CK9602,26/6/2019 16:46
F34491,31/10/2019 20:48
CK9693,6/2/2020 4:34
CJ8013,12/8/2019 2:40
CL7567,16/5/2018 10:51
CK9694,23/10/2019 0:49
CL7604,14/4/2018 20:27
CL7488,6/2/2020 8:31
CK9436,31/10/2018 22:20
CK9592,12/2/2019 14:50
CL7366,8/7/2019 3:57
CK9661,18/4/2019 9:49
CK9650,26/8/2019 20:51
CL7415,20/1/2020 8:21
CL7626,28/9/2018 3:16
CJ7990,8/3/2018 22:20
CL7534,6/8/2018 19:10
CL7413,31/5/2019 2:11
CK9500,31/8/2018 16:56
CL7369,26/6/2018 19:37
EE8156,4/2/2020 14:23
CL7607,9/6/2019 20:33
CL7385,16/10/2019 23:59
EE9856,16/2/2019 3:06
EE8260,8/11/2018 0:11
EE8448,15/3/2019 12:07
EE8181,29/2/2020 8:12
CK9682,15/7/2019 20:17
CL7377,21/10/2018 1:38
CL7605,
EE9734,5/6/2019 4:38
EF1053,30/9/2019 10:21
EE7925,12/2/2018 9:47
CL7614,3/6/2018 8:05
EE9847,24/7/2019 8:22
EG3289,28/12/2018 14:09
CL7615,12/5/2018 17:19
CL7276,10/10/2018 4:56
CL7453,2/1/2020 21:39
CL7329,14/10/2019 12:44
CL7387,13/8/2018 14:26
CM4762,2/1/2019 17:55
CM4984,28/2/2020 5:52
CM4691,28/1/2020 12:32
CM4826,1/2/2020 10:01
CM0015,23/1/2019 12:56
EE8603,15/9/2018 15:04
CL7496,8/9/2018 17:10
EE8444,18/5/2018 10:15
CM4827,27/11/2018 12:55
CM0014,21/5/2019 13:05
CM4737,7/8/2019 8:07
EF0440,9/5/2018 11:38
EE9748,
EG4223,8/5/2018 9:18
CM0013,15/5/2018 8:31
B44880,8/7/2018 21:17
F34876,7/11/2019 21:20
EE8836,6/4/2018 4:25
EF0523,
EH1858,20/9/2018 9:37
EG3821,13/2/2020 11:41
EF4458,14/2/2020 19:17
EG3291,24/4/2018 12:11
EF5928,15/10/2018 8:42
EH1859,10/1/2020 21:53
CM4828,6/1/2018 5:05
EG3295,23/3/2020 13:09
CM4985,2/6/2018 4:26
CM4964,
CM4690,24/3/2018 17:32
EF4970,20/2/2019 9:48
CM0010,10/6/2019 22:53
EF6877,
FW6635,20/8/2018 14:58
CM4760,2/3/2019 17:20
DB3258,16/3/2020 21:50
EF4375,13/2/2018 8:10
EE7159,7/3/2018 2:53
CM4983,12/9/2018 18:36
EE8925,10/6/2018 19:09
G27722,24/5/2019 1:39
EG2012,18/12/2019 20:53
EG9825,
EF4966,2/2/2019 20:28
EH1389,12/5/2019 10:31
EG9824,10/4/2019 0:22
EF6058,29/12/2018 3:19
EF6508,11/3/2019 18:35
EG5475,21/4/2018 17:02
EF5320,
EF5642,
EE7160,30/10/2019 19:47
EF5547,29/12/2018 19:07
EG7753,15/12/2019 0:43
EF5549,3/2/2019 12:16
EF5314,12/5/2018 23:54
EF4933,
EG9829,24/4/2018 5:36
EG7876,2/12/2018 15:22
EF4935,8/8/2019 5:11
EF4983,27/3/2018 12:41
EG9053,16/8/2019 9:22
EF4374,2/3/2019 13:23
EH3522,16/9/2019 17:11
EG0576,5/2/2018 7:56
EF6507,6/5/2018 4:38
EF5386,31/12/2018 19:50
CL7520,14/10/2018 6:22
EG0578,18/9/2019 19:13
EG6920,6/1/2019 21:59
EG6846,
EE9854,13/6/2018 22:12
CL7456,18/10/2019 10:13
EE9733,1/10/2018 14:13
CL7333,7/11/2019 9:29
EE9729,22/9/2019 2:13
EG6845,4/8/2018 22:24
EE8202,20/10/2019 4:21
CL7361,9/1/2019 17:08
EE8265,5/12/2018 22:22
EE8604,4/2/2019 23:49
EF1052,1/2/2020 3:26
EF1051,
EE9732,2/7/2018 3:20
EF0433,24/5/2018 12:24
EE9895,11/5/2018 11:02
EE8128,14/1/2019 6:25
EE7928,12/8/2019 5:18
EE9266,2/10/2019 12:23
CL9915,10/3/2019 7:02
CL7533,15/5/2018 0:37
CM0012,
CM0032,17/3/2018 17:00
EE8200,28/4/2019 6:49
CL7332,18/4/2019 19:02
F37008,21/10/2018 2:57
EE9728,
B75581,27/3/2020 9:19
F34851,5/1/2018 22:30
EF0434,26/9/2019 2:20
CM0008,15/7/2019 7:07
CL7487,2/8/2018 11:09
EE8212,3/1/2020 6:52
CL7465,1/3/2020 9:13
EE9758,6/6/2018 13:46
CL7334,17/11/2019 22:17
EE9735,5/3/2020 1:26
CL9925,15/1/2019 3:29
F34820,10/10/2019 20:31
CM0023,24/9/2019 10:50
EF0584,21/4/2018 7:49
CL7307,7/3/2018 10:47
BB7066,6/3/2019 13:30
CM0033,8/5/2018 17:12
CL7443,22/10/2018 6:36
CL9962,1/9/2018 8:44
CK9685,5/10/2018 5:07
CJ7959,2/5/2019 5:37
CL7546,23/1/2020 11:24
CL7286,30/1/2018 11:03
CJ8018,14/1/2018 22:26
CK9447,18/3/2020 22:33
B96555,20/2/2019 15:04
G28939,1/2/2019 15:30
FV3428,3/1/2020 6:52
FV3289,15/7/2019 20:17
CK9528,2/2/2018 18:03
CK9603,10/2/2019 2:16
CL7566,19/2/2018 9:00
FV3671,1/1/2018 19:45
FV3335,20/5/2019 2:51
FV3675,4/9/2019 23:25
EG8690,12/8/2018 16:03
F36642,19/10/2019 11:14
CG4045,11/2/2018 10:05
CL7633,18/12/2019 5:05
FV3334,11/6/2018 20:10
FV3361,
EG5345,26/12/2018 18:42
FV3353,12/12/2019 21:22
FV3187,3/4/2019 5:06
FV3631,26/8/2019 20:51
FU7134,13/3/2019 4:49
FV3374,22/6/2018 11:36
FV3336,12/8/2019 7:56
FU9352,28/8/2019 17:37
FV3327,27/3/2018 3:28
FU9350,12/3/2020 20:24
FW1646,15/11/2019 0:30
FV3186,21/4/2018 15:43
FV3294,2/2/2019 20:28
FW9618,23/3/2020 7:53
FV3352,5/1/2019 9:07
FW1647,11/10/2019 11:00
FW8423,1/8/2018 8:49
EE6822,6/4/2020 2:22
FV3290,30/8/2019 3:51
FV3305,
EE8081,16/8/2018 8:16
B37680,8/1/2019 16:07
CG6270,15/11/2018 23:06
CQ2031,
CG6037,19/5/2019 3:09
EF3539,16/10/2018 21:34
EE4919,11/4/2020 10:05
FU9349,18/11/2019 6:11
CL9960,14/2/2020 6:07
EF0091,26/12/2018 2:54
CL9968,
F33805,8/1/2020 9:19
EE6031,12/3/2019 19:36
BC0033,21/6/2018 23:45
EE7030,
EE4923,13/6/2019 18:02
EE6089,7/10/2019 1:40
EE6108,
CQ2460,16/6/2018 14:43
B37681,6/3/2018 17:40
CQ2035,13/12/2019 5:16
CG6618,9/11/2018 1:12
FV3667,11/5/2018 9:43
CQ2044,13/4/2018 23:23
FW9617,
CM4692,9/9/2019 19:17
B44619,13/10/2019 19:37
CP9514,19/5/2018 12:35
FV6058,19/12/2018 15:32
G27720,9/1/2018 4:11
CQ2333,
FV6057,11/12/2018 15:18
FV6056,6/3/2020 20:53
EE5521,29/11/2019 2:53
B37974,23/9/2019 20:21
BD7575,
EE7026,9/12/2018 13:16
EE6256,
CM4548,28/10/2018 3:29
G54050,10/4/2018 13:45
CI1741,5/2/2018 11:53
EE6660,21/4/2019 2:20
EE7243,31/8/2019 23:18
EE6668,17/1/2018 17:35
EE5086,17/1/2018 11:00
CM0027,2/3/2018 3:04
EF8973,14/1/2018 5:19
G28940,30/6/2018 14:28
CJ8059,5/1/2018 1:26
CI9941,20/8/2018 12:20
CL4158,20/3/2020 10:06
BB3293,29/6/2019 2:42
EE5640,9/5/2018 7:41
CM0063,8/9/2019 13:00
CL9946,14/2/2020 17:58
CM0071,12/12/2019 22:41
CM0051,18/4/2018 16:37
CM0087,16/8/2019 5:25
CM0048,10/9/2019 9:46
CM0062,13/7/2018 10:34
G28449,21/6/2018 0:03
CM0086,16/2/2019 4:25
CL7643,17/5/2019 6:23
CM0067,21/7/2018 1:35
CL7559,17/5/2019 5:04
CJ7994,24/8/2019 5:39
CM0059,21/3/2020 9:48
CL7462,9/2/2018 2:47
CK9680,4/10/2018 8:03
CM0024,12/3/2019 11:42
CL9924,28/12/2019 9:59
F34564,21/11/2018 14:43
CJ7972,24/8/2019 1:42
CL7283,29/6/2018 6:52
CK9465,19/3/2020 7:46
EE9514,30/6/2018 13:09
CM0047,24/4/2018 14:49
G27026,10/11/2019 17:48
F36338,12/12/2019 5:34
CJ8077,14/9/2019 15:09
CM0028,16/2/2020 13:25
CL9939,26/10/2019 22:18
CM0056,7/5/2018 9:36
CL9916,12/8/2019 6:37
CL9950,6/3/2019 4:17
EE9973,14/1/2020 2:15
CL7359,11/3/2020 15:26
BB7614,2/5/2018 15:03
CL9965,14/6/2018 21:54
CQ1176,16/6/2019 5:17
CL9913,29/6/2018 13:27
EE8115,
EE7497,18/11/2019 23:18
F97209,
EE8114,19/12/2018 2:22
CM0046,16/8/2019 6:44
EF0133,17/7/2018 10:41
EE9969,7/9/2019 1:27
EG8062,8/3/2020 12:23
EE9867,27/12/2018 17:05
EE6187,25/1/2018 21:46
EF1037,11/3/2019 21:13
EE9833,28/2/2020 11:08
EE9835,7/12/2018 2:01
B96508,28/9/2019 9:38
AQ1136,6/5/2019 7:03
CQ2029,17/12/2018 16:08
EE9862,25/5/2018 2:53
EE8325,21/1/2019 3:00
BY2976,17/3/2020 13:38
EE9970,8/6/2018 7:54
EE9840,
EF0130,16/12/2019 16:13
F34882,24/9/2018 13:41
CQ2042,12/2/2020 13:18
B37538,
EF0135,17/9/2018 2:37
AQ1141,23/8/2018 11:26
BD8017,10/5/2019 5:51
EF1036,3/1/2019 3:08
FV3914,18/3/2018 20:39
B28041,10/10/2019 4:43
B37534,3/10/2018 4:24
EF1899,1/10/2018 5:00
EE5615,13/1/2019 18:34
CQ2034,6/3/2019 4:17
EF4457,
CQ2530,6/9/2018 20:24
EE8220,31/12/2019 11:43
EE5182,31/12/2018 9:18
AW4212,5/3/2018 17:58
CG6025,3/10/2018 18:53
EE5175,15/7/2019 5:48
CG6142,16/10/2018 11:02
EE5917,19/6/2019 9:39
EE5567,6/9/2019 1:45
DA8966,19/5/2019 1:50
EE4679,13/1/2018 20:06
F34751,29/4/2019 3:53
EE4682,26/2/2019 18:32
F36389,
CK9720,24/9/2018 22:54
CG3527,16/3/2018 15:59
EF3533,24/1/2018 18:07
CK9728,30/9/2019 20:53
BB7218,24/3/2020 14:10
BB2270,1/6/2019 13:44
BB7235,31/1/2020 2:25
BB7231,1/12/2018 7:46
BB7219,31/3/2018 0:57
CL4155,2/3/2019 8:07
EE5876,
EE5303,
EE4938,20/8/2019 6:51
EE5179,26/2/2019 1:25
BZ0632,5/5/2018 10:12
CM4550,
CL9934,1/11/2019 20:30
CL7379,23/12/2018 1:10
CL9919,7/7/2019 10:50
G27860,4/3/2018 1:09
CJ3412,10/11/2018 20:39
CL7631,25/4/2018 7:56
CL7273,23/1/2020 14:02
CL7630,6/1/2019 21:59
EE9848,13/6/2018 19:34
CL7617,28/4/2019 4:11
BB9775,
CL7536,
B37343,25/8/2018 16:06
G28225,9/1/2020 3:45
DB3539,30/12/2019 12:01
G26777,13/6/2019 21:59
CJ0081,25/10/2019 19:58
EE8333,8/10/2019 18:29
CQ1175,26/12/2019 9:16
DA9306,3/3/2019 23:37
F36163,
CL7411,10/10/2018 7:34
CL7444,15/1/2019 10:04
EE7879,
EE9676,19/1/2020 11:17
EE7600,21/7/2019 1:22
EF0128,25/8/2019 5:21
EG3489,29/6/2019 6:39
CM4733,5/8/2019 2:08
CM0025,19/8/2018 23:10
CM4734,17/3/2018 18:19
CM4736,12/6/2018 21:11
CM4865,
CM4909,18/2/2019 2:30
CM4664,17/5/2018 9:14
CM4798,23/2/2020 6:03
CM4972,25/11/2019 2:46
EG8063,24/8/2019 13:33
CM4799,4/4/2019 0:51
CM4665,25/1/2019 5:45
CM4908,18/7/2019 8:51
CM4666,31/1/2020 19:32
CM4973,10/2/2019 10:10
CM4632,
CM4647,2/9/2018 0:32
CM4868,5/6/2019 11:13
CM4646,21/6/2018 7:57
CM4718,29/1/2019 19:02
CM4693,29/6/2019 19:49
CM4904,26/8/2018 2:38
CM4774,22/12/2018 0:09
CM4617,
CM4935,12/3/2019 5:07
CM4755,18/9/2019 23:10
EF1224,27/6/2018 16:41
D96450,
CM4618,17/7/2019 6:31
AQ0886,
B28068,25/9/2019 11:51
CQ2618,17/6/2019 20:47
CM4694,15/9/2019 3:00
FV4049,11/3/2019 0:09
G27721,21/7/2019 7:57
BD7791,26/6/2019 6:14
AQ1220,25/7/2018 14:52
FV4329,9/2/2020 10:15
FV4057,22/2/2018 23:54
FV4044,3/8/2019 0:06
FV4325,19/10/2019 2:01
FV4331,18/3/2019 15:10
FV4359,17/10/2018 9:25
FV4319,12/3/2019 11:42
FV3700,23/8/2019 2:00
FV4318,23/1/2018 22:22
CG6130,10/8/2019 3:16
CG4050,17/1/2020 10:34
FV4330,18/7/2019 18:04
FV4317,23/5/2018 16:39
DB0444,14/7/2018 1:03
F36255,1/8/2019 19:08
B96474,2/2/2018 4:53
B37530,6/10/2018 14:02
B37528,13/9/2019 3:36
FV4350,17/5/2018 0:01
B44830,17/5/2018 18:27
B37942,29/9/2019 18:33
B96551,26/1/2018 0:24
B43884,20/1/2018 11:25
B75587,21/3/2020 22:58
F36513,18/4/2019 7:11
F34341,10/3/2019 4:24
D96552,20/2/2020 6:57
D98204,13/9/2019 4:55
G26782,
EE4950,1/4/2018 11:11
EE5018,18/8/2018 22:09
EE5907,21/2/2019 14:46
BY9250,1/3/2018 17:51
BB2042,22/2/2018 22:35
EF0321,11/3/2020 6:13
BB2278,23/3/2020 11:50
EE4926,13/8/2018 14:26
EE4918,19/9/2019 11:01
EE4928,6/7/2019 22:59
EE8218,15/12/2018 8:50
EE5150,10/7/2019 16:31
B22706,31/12/2018 10:37
CQ2740,11/1/2018 22:01
CQ2105,13/9/2018 9:05
CQ2106,25/2/2020 17:18
EF3534,29/9/2019 18:33
CQ3012,4/2/2020 14:23
DB3277,20/8/2019 0:16
CQ2032,12/4/2018 6:34
BB6708,2/3/2020 3:39
CM4937,6/3/2020 2:27
CM4756,28/8/2019 9:43
CM4619,16/1/2020 5:36
CG6048,18/12/2018 2:40
CG5673,29/3/2019 18:27
EE9726,27/2/2019 14:17
EF1421,3/4/2018 10:35
EF0786,4/3/2020 10:57
EE9722,14/2/2020 23:14
EF1424,9/3/2020 4:11
G27273,23/12/2018 3:48
EF0812,24/3/2018 17:32
G28062,5/12/2019 8:59
EF0789,11/7/2019 21:29
EF0787,24/10/2018 16:32
G26994,12/4/2018 13:09
F34099,14/10/2019 16:41
EF1581,24/3/2020 11:32
G28058,15/6/2018 17:39
G27403,28/6/2018 7:10
G26939,
G28202,27/12/2019 8:58
EF1164,19/12/2018 6:19
EF8904,1/9/2018 16:38
G28450,
CM4759,5/10/2018 16:58
EF8903,4/12/2019 21:08
F35445,25/6/2019 14:26
B75807,10/2/2018 11:42
CJ0079,26/4/2018 15:32
CM0084,25/4/2018 23:44
EE5358,17/9/2019 2:24
B96556,14/1/2020 14:06
CM0035,17/12/2019 9:20
EE4572,30/3/2018 2:34
CL7309,
CL7610,7/4/2019 7:51
B37616,12/7/2019 6:42
FV3032,13/1/2020 22:18
BD7597,
BZ0085,14/9/2019 9:53
EE5083,7/5/2019 12:01
CL7561,20/3/2019 0:05
F97208,10/7/2019 7:18
EE5404,31/1/2019 5:16
CL9998,20/3/2019 17:12
EE8373,5/11/2018 12:56
F36418,10/7/2019 17:50
CL9921,15/8/2018 3:18
F35499,15/10/2018 20:33
EE5641,15/8/2019 10:59
F34983,29/10/2018 7:08
F36985,21/3/2019 9:00
B79771,29/4/2019 13:06
CJ7956,13/8/2018 18:23
B44882,
CJ7995,7/11/2018 18:55
F36467,
CG4048,17/10/2018 21:16
F34437,5/3/2018 11:23
CG6205,22/5/2018 15:38
EG8695,15/3/2020 3:42
B41939,17/7/2019 10:28
CG6199,21/12/2019 2:52
B37720,20/11/2019 14:48
AQ1087,17/2/2018 17:30
B37759,8/7/2019 5:16
AQ1027,20/5/2019 16:01
B37990,18/10/2019 22:04
B37651,28/10/2019 4:35
B28164,15/11/2018 0:43
B28163,12/11/2018 1:37
B37983,20/12/2019 0:32
DB2689,13/3/2019 2:11
CG6056,16/11/2019 6:47
CG6460,25/1/2019 18:55
CG6108,9/5/2019 7:28
BD8024,21/7/2018 18:42
D96444,27/3/2019 11:09
BD8007,13/11/2018 23:42
CG6065,5/7/2019 2:13
G27719,1/2/2018 7:49
CG6187,1/2/2019 2:20
G27648,17/6/2019 22:06
EE8279,8/3/2018 7:51
EE8247,12/2/2020 8:02
EE8612,23/1/2019 20:50
CQ1068,13/8/2018 21:01
B37635,
DB3065,22/1/2018 20:02
CQ1092,30/12/2019 1:29
DB3083,7/2/2020 14:48
CG6222,
DB3078,4/11/2019 23:33
DB2707,28/2/2020 7:11
D96553,6/7/2018 8:43
EF0580,19/9/2018 7:17
EF0581,25/8/2019 14:34
G25848,25/10/2019 21:17
EE9745,15/2/2020 22:56
EE7899,29/3/2020 16:37
G28386,16/12/2019 21:29
EE6784,5/6/2019 13:51
DB3349,11/9/2018 0:28
EE6816,10/6/2018 17:50
DB3401,14/5/2019 19:08
EG1865,
EG2037,1/4/2020 9:08
EE6818,4/2/2020 11:45
CM6057,22/12/2019 10:28
EG2035,15/8/2019 14:56
EE5614,25/6/2019 3:54
EF9225,8/1/2018 21:36
EE5174,14/11/2018 1:01
CM6058,30/3/2020 0:31
EE5915,9/3/2018 2:17
BY2949,16/7/2019 19:59
EE5933,9/11/2018 20:57
F34865,10/10/2018 20:44
S80662,19/12/2019 16:38
CM6059,
CJ8016,12/8/2018 8:09
CL7428,
EE4843,15/6/2019 17:26
CK9670,20/4/2018 4:10
EE7740,24/12/2019 15:08
EE8969,11/8/2019 6:55
BZ0087,21/3/2018 22:23
F36256,20/2/2020 1:41
EE5362,17/1/2020 23:44
F35762,16/1/2020 6:55
EE5837,18/6/2019 2:03
EE4576,25/3/2020 12:33
EE6991,2/3/2019 18:39
EE6012,24/3/2020 8:54
EE4470,15/5/2018 17:44
EE6327,3/3/2018 9:21
AQ8530,6/4/2019 21:19
CI9990,2/1/2020 21:39
EE7064,9/12/2018 9:19
F36417,28/5/2018 4:37
EE4808,1/2/2018 13:05
F36431,17/11/2019 15:42
B44669,9/4/2019 4:37
B43745,26/5/2019 3:41
CJ8021,6/6/2019 10:55
CM4549,1/5/2019 1:58
EE8374,13/2/2020 5:06
CL4154,11/2/2020 22:49
CL7609,28/2/2019 7:24
CK9456,15/9/2019 10:54
EG4372,
CJ8987,1/4/2018 20:24
EG4303,26/10/2019 20:59
BB7616,11/9/2019 4:12
EE5603,7/11/2018 12:20
EE8970,23/3/2020 23:41
CJ8113,8/11/2019 13:08
CL7463,22/4/2019 8:37
F97210,21/9/2019 5:09
B44732,11/12/2019 5:52
F34411,4/1/2020 11:50
EE6807,9/3/2019 20:30
F35515,10/7/2019 3:21
F35615,25/9/2018 4:10
CK9466,6/6/2018 3:14
F36650,1/5/2019 0:39
BC1040,3/4/2018 2:41
EF0810,13/12/2019 5:16
CL9963,16/5/2018 5:35
BB6917,
CL9938,25/5/2019 22:25
CL9997,9/2/2020 10:15
CL7642,16/4/2018 15:54
F35040,15/2/2020 7:08
CJ8017,20/11/2019 2:57
EE9727,9/1/2018 1:33
CJ8012,7/2/2020 9:32
CL7632,27/2/2019 9:01
CL7486,11/10/2019 5:44
BZ0631,9/7/2018 14:24
D98056,16/4/2018 2:44
CM4824,16/1/2019 16:21
CM4825,11/1/2018 10:10
B43753,5/3/2020 11:58
FV4349,5/8/2019 7:24
F36517,8/3/2019 5:00
EE8131,13/4/2019 13:57
EE9737,26/3/2020 22:47
EF1060,2/7/2019 17:36
EE9938,25/5/2019 9:15
EE8353,26/1/2018 6:59
EF0452,10/8/2018 6:07
EE5170,1/2/2020 13:58
EE5153,30/5/2018 11:55
EE4842,20/6/2019 14:37
EE4958,12/1/2018 7:14
EE4922,2/6/2019 13:26
EE6046,16/7/2018 18:53
EE6130,13/5/2019 6:16
EF3523,1/10/2019 21:54
EF3535,4/10/2018 14:38
FW2818,21/1/2018 0:35
EE5535,20/10/2019 0:24
EF3531,12/3/2020 13:49
B22713,3/1/2019 13:40
FW2803,8/10/2019 18:29
FW2848,28/6/2018 7:10
EG8544,8/1/2019 5:35
EF4393,8/6/2019 14:16
EG4588,
EF4398,15/6/2019 18:45
AC8765,2/1/2020 16:23
B37361,8/2/2019 18:40
CQ2028,
B41727,26/2/2020 22:16
B96511,15/10/2018 8:42
B37657,
AQ1138,5/1/2020 18:07
B37068,28/8/2018 15:12
DB2680,14/8/2019 21:49
B28123,17/1/2018 7:03
AQ1134,
EE5562,23/2/2019 22:04
EE5934,22/7/2019 19:30
EE5104,27/8/2018 14:11
BB1702,20/7/2019 8:15
EE7031,2/1/2019 10:01
DB2119,2/4/2018 18:47
F36599,13/3/2019 12:43
EE5171,4/2/2019 1:26
DA9604,8/3/2020 7:07
BB6709,4/10/2018 5:25
B96517,30/6/2019 23:28
CQ1971,29/6/2019 6:39
B96520,16/7/2018 7:02
DB1763,26/4/2019 11:22
B96554,15/1/2020 1:57
AQ1111,16/2/2020 21:19
CK9475,12/5/2018 17:19
F36166,28/5/2019 10:59
CG7112,1/7/2019 10:00
CL7427,5/3/2018 21:55
CQ1968,17/10/2019 18:25
B37600,29/12/2019 11:00
CL7335,3/2/2018 3:16
F34094,20/2/2018 21:52
EF0785,2/5/2019 4:18
CK9572,8/2/2019 13:24
EF0788,
EE6331,11/3/2020 15:26
EE7245,16/10/2018 5:46
EE4771,9/2/2019 11:47
F34098,7/12/2018 5:58
CL9956,24/3/2018 17:32
G28059,7/1/2019 20:22
CL9942,14/6/2018 3:28
F33908,
G28060,3/8/2018 13:29
DB3144,9/7/2018 18:21
CI9935,3/4/2019 14:19
F36664,7/1/2018 0:50
DB1755,11/8/2018 8:27
F36173,3/6/2018 19:56
EE8134,18/8/2018 12:56
F35613,20/11/2019 10:51
CK9557,20/7/2018 0:34
CK9464,4/4/2019 2:10
CK9476,26/3/2018 6:24
CK9649,10/3/2019 18:53
DA8929,28/7/2019 20:20
CK9483,4/6/2019 22:03
CL9926,26/10/2019 20:59
FV8786,9/12/2018 22:29
CL9943,15/2/2020 17:40
BB9774,24/5/2018 9:46
EE8007,12/12/2018 20:16
F36201,19/8/2018 10:00
FV8790,25/4/2019 3:46
F36331,29/9/2018 0:20
AQ0919,24/5/2018 7:08
CJ8146,20/3/2019 14:34
B43732,28/2/2019 21:53
B44849,28/2/2020 16:24
B37783,9/4/2019 7:15
B96578,11/7/2018 9:51
F37006,4/6/2018 18:19
CJ8041,29/6/2018 1:36
CG6131,3/3/2019 3:52
CG6113,14/5/2019 12:33
G28971,14/2/2018 10:30
B37469,2/2/2020 1:49
CG6112,25/3/2020 4:39
F34625,3/3/2020 9:56
EE9844,20/5/2019 4:10
EE8269,9/1/2020 23:30
EE9843,27/9/2018 12:47
EE9852,16/5/2018 9:32
CG6066,8/10/2019 9:16
EE8136,17/11/2019 1:13
G27645,29/1/2020 21:27
CL9961,
FV3699,14/10/2019 3:31
CI2606,25/7/2018 16:11
EE7359,15/5/2018 7:12
CK9658,26/4/2018 19:29
EF0417,13/3/2019 11:24
EF0436,26/1/2018 3:02
EG3102,24/9/2018 9:44
EE4951,26/9/2019 8:55
FW2846,10/2/2018 7:45
FW2895,28/7/2018 23:11
EE4562,26/3/2018 22:12
EE5540,23/1/2020 19:18
EG8688,18/9/2018 2:19
EG8685,24/4/2018 6:55
EE7033,25/5/2019 7:56
DB3109,4/4/2018 7:39
DB3244,9/4/2019 20:25
DB0126,10/1/2018 1:15
EE4552,31/3/2018 6:13
CG4708,13/10/2018 10:37
DB3241,11/6/2018 1:44
F36476,
F36225,23/8/2018 20:39
F37047,
B44728,9/1/2018 12:05
BB7317,18/9/2019 19:13
F35036,1/4/2020 6:30
AQ0055,30/9/2019 12:59
F34440,25/8/2019 5:21
B96561,3/2/2018 3:16
B96339,24/3/2019 2:50
D97112,10/4/2019 13:32
F36651,12/3/2018 4:01
F36308,17/12/2018 22:43
F35050,9/3/2018 2:17
EE7482,1/10/2018 18:10
EE7502,10/2/2019 14:07
F36669,1/5/2018 7:27
F37079,28/12/2019 4:43
EE8133,22/1/2019 7:58
G28914,22/8/2018 13:03
EE8197,1/1/2019 16:54
EE7511,8/4/2020 22:50
EG4103,3/7/2018 3:02
EH2549,23/7/2019 4:43
EG5006,22/5/2018 14:19
EH2201,15/12/2019 15:12
EH2531,14/9/2019 15:09
EG4273,17/12/2018 21:24
EG5005,
EG4275,6/5/2018 5:57
EE5906,1/4/2018 11:11
EE5106,17/11/2018 1:26
EE5181,25/8/2018 16:06
EG3238,13/5/2019 1:00
EE5864,8/1/2018 13:42
EG1902,28/11/2018 9:59
EH2552,10/12/2019 7:29
EG8587,17/6/2019 11:34
EG3705,8/8/2019 15:43
EG3173,21/3/2018 6:35
EG3693,8/6/2018 21:04
EG3691,10/10/2019 23:09
CL0244,8/3/2019 1:03
CJ0874,20/4/2018 0:13
F35030,21/12/2019 5:30
EG3666,20/5/2018 16:14
EH1856,25/11/2019 15:56
CL0211,5/11/2019 21:56
EG3491,9/4/2020 8:03
B23738,
B28128,28/8/2018 4:40
EG3282,
EH1855,2/3/2019 13:23
B22705,25/12/2019 6:56
EE6743,23/2/2018 9:07
EE6122,12/9/2019 1:16
EE6121,
CM4981,
CM4658,24/4/2018 0:20
EG3283,21/1/2020 10:41
CM4659,14/11/2018 1:01
F36671,19/4/2019 4:15
AW4209,7/1/2020 14:53
G25877,18/11/2018 22:12
CM4855,19/3/2019 9:36
EE8452,3/3/2020 15:12
CM4813,21/10/2019 14:35
EE8351,
G28329,
CM4857,5/6/2019 3:19
CM4900,26/7/2019 19:37
CM4899,11/9/2018 13:38
CM4901,12/11/2018 22:41
CM4830,24/11/2018 5:55
EF0778,18/1/2018 13:20
EF0780,4/6/2018 20:57
G27270,5/4/2020 14:31
EF1233,6/9/2019 14:55
CM4878,11/12/2019 17:43
CM4877,4/1/2019 14:41
G27272,2/2/2020 11:02
CM4862,5/2/2019 7:43
CM4979,16/2/2018 4:38
EF1416,18/8/2019 10:05
EE7897,27/3/2020 17:13
CM4884,25/1/2020 4:13
G28373,18/3/2020 12:01
CM4842,11/11/2018 5:52
EF0822,
CM4860,9/9/2018 7:39
CM4929,
G28560,25/6/2019 5:13
AQ8528,14/12/2019 3:39
G28208,26/3/2019 12:46
BB5476,23/10/2019 15:18
CQ2405,22/12/2018 5:25
G28209,14/10/2019 11:25
CL7580,24/7/2018 3:19
B43687,17/11/2019 6:29
B41645,9/8/2019 11:28
BY2120,24/2/2020 5:45
B24105,18/7/2019 23:20
B96568,1/9/2018 15:19
FW2847,17/9/2018 9:12
FV7826,9/6/2018 7:36
F35580,24/2/2018 8:49
FV7825,9/4/2020 18:35
G27707,30/10/2018 18:41
EE8498,15/2/2019 0:46
FV4631,30/9/2018 7:56
EE4465,9/1/2020 22:11
EE8138,26/9/2018 10:27
FV4419,20/8/2018 16:17
G28116,8/10/2018 1:35
B42315,17/4/2018 5:04
EE9574,30/3/2019 11:34
EG4960,24/3/2018 0:25
EE6803,1/2/2018 5:11
EF5506,
G28428,26/8/2018 22:23
EF5440,25/5/2019 5:18
FV4190,22/3/2019 0:48
EH0025,11/1/2020 11:03
G28331,10/4/2018 4:32
G25878,
EE6802,13/1/2020 13:05
B42314,9/11/2018 17:00
CL9955,18/11/2019 0:55
G28336,26/5/2018 17:04
G54014,17/7/2019 23:38
FV2806,24/9/2019 22:41
FV3021,12/2/2020 14:37
FV3743,2/3/2018 16:14
FV5359,31/7/2019 4:57
G54015,19/9/2019 17:36
BD7929,8/6/2018 2:38
G26993,21/1/2020 6:44
EF1625,15/3/2019 14:45
G27479,16/2/2020 6:50
EE7911,19/4/2019 8:12
F35008,6/12/2018 18:07
G27492,23/11/2018 23:20
G28885,27/8/2018 10:14
EF1163,
EF8847,27/2/2019 9:01
B96566,25/1/2020 21:20
EG4159,19/1/2020 8:39
G27484,7/4/2019 10:29
F34327,17/3/2018 15:41
CL7477,8/3/2020 12:23
G27495,
B28129,14/2/2019 3:42
EF1229,9/2/2019 22:19
EF4920,
EE6893,22/8/2018 18:19
EF2335,27/3/2019 3:15
EE4896,
EF4372,17/11/2019 15:42
FW9328,4/9/2018 13:06
B27797,1/7/2018 22:04
EG7737,
DB3105,11/4/2019 0:04
CG6477,11/10/2018 17:48
CG3552,25/4/2018 18:28
EG8778,28/6/2018 5:51
BB3627,13/7/2019 15:37
EE4851,12/1/2018 21:43
EF4373,6/10/2018 21:56
BW0418,7/4/2018 23:52
G27728,2/8/2018 13:47
BB3628,10/2/2019 14:07
BB3645,13/2/2020 23:32
F37427,14/10/2019 0:53
DB3541,24/12/2019 4:36
EE7346,20/7/2018 15:03
EG1866,19/1/2018 19:37
EE4895,16/11/2019 18:38
D96635,11/2/2018 6:08
FV6404,19/9/2018 4:39
CG6040,17/2/2020 2:35
EE6074,29/8/2018 1:44
CG4743,
EG2738,6/4/2019 17:22
F35493,7/1/2019 7:12
F35597,13/11/2018 0:00
F35495,14/1/2019 20:54
F35494,3/1/2020 8:11
DB1370,1/10/2018 22:07
F35498,2/7/2018 2:01
DB1372,4/8/2019 20:52
F36991,19/8/2019 4:31
B96223,11/6/2018 13:35
F35497,
F36501,18/7/2019 22:01
EE6821,22/10/2018 21:05
EE7745,
EE6135,5/10/2018 1:10
AQ0334,5/10/2019 12:48
B96218,17/4/2018 5:04
CG5537,13/8/2019 6:19
AQ0538,7/9/2018 4:18
EE7777,27/12/2019 8:58
EF5885,23/12/2019 18:04
EE8378,
EF5870,22/10/2019 2:26
CG5580,13/9/2018 6:27
BB7566,
AQ0054,
B75665,19/11/2018 23:13
EG1727,12/2/2018 7:09
AQ0539,25/2/2018 20:22
EG2646,4/9/2018 9:09
EH0181,26/3/2020 1:43
EF5902,21/10/2018 14:48
FU6910,12/12/2019 12:09
AC7104,12/2/2020 11:59
EF9625,23/3/2018 0:43
D97946,23/1/2018 13:09
B75667,26/6/2019 20:43
BD7080,28/7/2019 9:48
CL9914,6/2/2019 2:09
BB6602,
EF5435,4/2/2019 22:30
BC1050,25/12/2018 13:44
EF5507,24/5/2018 20:18
D97319,4/2/2018 16:08
EF5985,6/12/2018 12:51
EF5441,
F35769,22/9/2018 6:23
EG8776,9/3/2018 23:21
D97429,23/11/2019 3:22
EF0820,26/6/2019 14:08
EF4027,26/11/2019 6:25
CG6732,24/12/2019 9:52
EH2180,12/8/2018 2:53
EF6050,28/7/2018 2:07
EF6048,16/6/2018 8:08
EE7290,
EE7449,12/9/2019 17:04
EE7968,6/2/2020 13:47
F36481,29/12/2019 18:54
EG1900,21/7/2019 22:26
EF6049,21/4/2019 8:55
EF7141,4/1/2018 20:10
EF7140,1/5/2019 19:05
CQ1091,31/3/2019 4:41
EF7134,12/11/2019 19:50
EH1097,21/8/2019 7:52
FV4656,26/6/2018 23:34
G26947,3/3/2018 19:53
F34060,27/11/2018 5:01
G26944,20/9/2018 17:31
EG5185,24/4/2018 22:43
EG5188,19/5/2018 6:00
FV3029,12/4/2019 18:12
FV4658,29/12/2018 8:35
CM4831,3/11/2018 14:51
EF6270,19/1/2018 9:05
CM4705,
FV3031,11/7/2019 17:32
FV5358,16/2/2020 0:15
DB0594,17/4/2019 8:48
DA8839,1/5/2018 23:15
G27461,20/6/2019 13:18
CM4708,11/2/2020 9:39
DA9868,
EE9540,16/9/2018 13:27
DB3483,23/2/2019 16:48
EE3912,27/8/2018 1:01
CJ0183,26/6/2018 9:05
AQ0534,
CK9502,18/6/2019 6:00
BC1041,17/4/2018 18:14
CM0065,17/12/2019 19:52
EG3013,25/12/2018 19:00
EE4966,28/8/2018 12:34
B75806,17/9/2018 3:56
CK9434,10/3/2018 7:15
EH0833,11/7/2019 14:54
G27637,31/7/2019 18:07
CL7579,9/4/2020 22:32
CK9631,28/12/2018 15:28
EE6091,2/1/2019 11:20
CL9945,1/3/2020 0:00
FV4189,24/1/2018 4:57
F34477,23/1/2019 10:18
F34683,6/4/2018 7:03
CP8827,3/1/2018 16:31
F36998,15/2/2020 8:27
F36457,9/2/2018 6:44
EE8008,
EE5511,19/4/2018 3:09
EE5602,19/11/2019 5:53
EE6329,20/12/2018 13:55
EE5506,24/9/2019 16:06
F36471,27/1/2020 19:25
EF6551,17/5/2019 18:14
EE6325,20/12/2018 23:08
EE5678,21/8/2019 1:17
EE4967,20/1/2020 18:53
EF8907,12/10/2018 3:01
EE8688,17/12/2019 22:30
EE8972,21/3/2018 15:48
EE7239,15/11/2018 8:37
G26935,29/5/2018 20:07
EE5394,15/5/2018 16:25
EH0033,23/8/2018 12:45
B75573,
EE4883,30/3/2018 2:34
DA8964,3/5/2018 6:51
CJ8060,24/1/2020 13:44
B75782,
G27401,9/5/2019 7:28
B75780,19/4/2018 12:22
S80807,21/4/2019 19:27
EE4791,4/10/2018 8:03
S32279,21/4/2019 15:30
AC7556,27/11/2019 14:01
B22785,6/2/2019 23:13
F35130,23/10/2019 10:02
B43742,10/4/2018 9:48
CK9814,30/5/2019 10:23
CK9571,22/3/2020 13:27
F34844,12/8/2019 0:02
F35284,5/4/2018 9:59
CQ1149,27/5/2019 8:39
F34739,23/5/2019 20:23
CK9866,
EE5654,21/1/2018 13:45
FV3013,15/6/2018 21:36
F35282,10/1/2018 2:34
EF9624,10/3/2020 3:53
CK9865,30/7/2018 1:31
F34073,7/12/2018 17:49
D96551,21/2/2019 23:59
CK9784,11/5/2019 13:27
F36512,1/11/2019 20:30
F35283,27/1/2018 5:22
EG3096,18/10/2019 20:45
EG3115,12/2/2018 19:00
EF5550,3/12/2019 12:13
EF9623,9/4/2018 23:16
CJ3410,
CQ1061,6/1/2020 20:27
BB4014,7/2/2020 16:07
AQ6095,16/3/2018 10:43
EF7135,7/5/2018 1:42
B44500,12/12/2019 17:25
EF1629,12/5/2019 22:22
B43600,5/12/2018 5:15
EG8735,24/2/2019 3:20
G28713,13/9/2018 9:05
EF3538,23/6/2019 11:05
CJ9005,
AH2156,31/10/2019 22:07
FV6447,6/1/2018 23:31
CM7767,26/6/2019 14:08
DB0646,5/3/2018 20:36
CG6367,3/2/2019 17:32
CM7741,29/8/2018 0:25
CJ9006,23/12/2018 20:55
AC7943,17/10/2018 4:09
CG6364,10/10/2018 3:37
BC0534,19/3/2018 9:49
CK1081,29/6/2019 1:23
F37022,
EE3812,16/2/2019 7:03
G26834,12/1/2018 19:05
B75879,11/4/2018 0:17
FV6794,6/3/2019 22:43
G26790,8/8/2018 6:43
EH1524,2/6/2019 10:48
G26548,6/7/2019 16:24
B42122,12/11/2019 6:40
F99913,15/2/2019 12:37
EG1073,21/9/2018 8:00
EG7893,8/1/2018 4:29
G28915,10/5/2019 0:35
BB3484,
EG1069,19/11/2018 17:57
EG2015,
FW3138,
EF2212,28/9/2018 0:38
EG1071,21/9/2019 15:41
EG2045,6/6/2018 11:08
EE4036,24/8/2019 22:46
FW5423,3/3/2020 23:06
EG1287,26/5/2019 12:54
EG2663,11/3/2020 19:23
EG2017,25/7/2019 23:52
EG0719,22/7/2018 7:52
EH1208,22/9/2018 2:26
EG4901,6/6/2019 17:30
EE4264,1/10/2019 21:54
EG1096,17/10/2019 7:53
EG1011,14/4/2018 20:27
EG2052,28/11/2019 11:05
EG0720,19/3/2018 8:30
EF2696,9/1/2019 11:52
EG0715,
EE4614,19/11/2018 20:35
EH1333,8/6/2018 11:51
EF0524,27/11/2019 19:17
EH1847,17/4/2019 10:07
G27491,16/12/2018 13:48
EF0708,22/2/2019 9:12
EE4005,10/10/2018 2:18
EG0761,4/10/2019 17:03
EF2774,28/2/2018 15:31
EE5147,23/4/2018 5:54
EF1565,4/10/2019 2:34
F35285,21/7/2018 10:48
G27482,7/7/2019 0:18
BC1031,17/9/2019 2:24
F35539,24/2/2019 20:27
CK9816,25/2/2019 17:31
B96338,20/11/2019 17:26
CM7531,21/6/2019 16:57
EG1369,4/9/2019 18:09
EG1837,15/2/2020 17:40
FV6106,4/12/2019 9:17
FU8929,17/9/2019 15:34
FV4526,17/5/2019 2:26
EG3729,18/1/2019 5:13
FU8941,27/5/2019 15:14
FU8932,6/1/2020 19:08
CM6080,21/8/2018 13:21
CM6051,8/6/2018 21:04
CM6052,14/11/2018 7:36
CM6081,14/10/2019 12:44
CM6068,16/2/2019 18:54
FV4418,13/10/2018 23:47
CM6069,16/11/2019 8:06
CM6073,15/1/2019 3:29
FV4525,
CM6044,23/8/2018 18:01
FV2875,1/4/2020 9:08
FW2152,
FV2874,1/5/2019 8:33
CJ8072,27/9/2018 14:06
CJ8088,16/2/2020 16:03
CK9657,31/8/2018 9:02
AC7043,19/11/2019 12:28
FW9783,10/11/2018 14:04
F35607,16/9/2018 13:27
CJ8111,27/2/2020 21:58
CL7446,8/3/2018 17:04
G26990,
CJ0194,11/11/2019 0:23
EH0021,13/12/2019 11:51
B44861,13/4/2019 0:47
EE7610,11/9/2019 16:03
BD7439,5/11/2018 14:15
F34604,25/5/2018 23:57
CJ8107,5/7/2019 23:17
B37550,1/2/2020 10:01
CJ8069,14/12/2019 22:05
CJ7992,
CJ7987,31/10/2018 11:48
F36162,1/6/2019 12:25
G26776,5/3/2018 2:10
CG6537,7/12/2018 20:27
BB9420,8/8/2019 3:52
CK9660,17/7/2019 17:03
CJ8109,20/12/2018 7:20
CJ0044,3/1/2018 11:15
CJ8116,12/4/2020 19:00
CK9445,27/4/2019 20:17
EF0148,10/12/2018 1:07
CG7123,3/12/2019 17:29
EE5677,8/3/2019 10:16
EE5819,19/6/2018 3:17
EE5834,29/1/2019 11:08
EE5361,3/2/2020 16:00
EE5415,
EE4924,16/6/2019 22:24
CJ0180,18/11/2018 15:37
F36645,5/12/2019 23:28
AQ0907,13/10/2018 9:18
CM4930,1/7/2018 22:04
CM4547,24/8/2018 19:02
EE6377,23/6/2019 13:43
DB0271,22/7/2019 16:52
G27402,
EE7843,15/2/2020 12:24
EG6864,13/2/2019 9:16
EH0173,30/5/2018 18:30
EH2181,24/11/2018 7:14
FV4529,30/5/2018 18:30
CM4863,5/12/2018 2:37
EE6894,15/8/2018 15:09
B41823,8/4/2019 0:58
CI1871,27/7/2018 14:16
B43829,18/2/2020 20:43
F35514,11/5/2018 7:05
B44820,28/8/2019 0:30
B44736,30/1/2020 21:09
CM4864,4/1/2020 11:50
F34498,29/1/2019 0:36
EE6011,3/3/2020 7:18
CK9656,22/11/2018 13:06
CL7360,7/3/2018 9:28
CK9546,23/3/2018 23:06
S75104,
CK9507,
F35598,29/5/2019 2:47
CL0207,2/8/2019 14:53
CI9700,1/2/2018 2:33
CI1704,4/7/2019 17:00
EE5730,15/3/2019 1:35
EE6029,6/9/2018 21:43
CQ2406,
EF6552,9/2/2019 6:31
F36717,
CL7284,14/1/2020 14:06
F36424,16/12/2018 21:42
BD7497,12/3/2018 14:33
EE7901,29/9/2019 2:45
EE7905,20/12/2019 22:55
EE7907,30/12/2019 6:45
EE7690,16/9/2018 13:27
EE7696,10/11/2018 21:58
EE7382,12/12/2019 13:28
EE7693,25/1/2019 12:20
EE7422,21/4/2019 1:01
EE7900,28/2/2018 2:21
EE6151,
EE5520,9/9/2019 4:48
EE5399,1/2/2019 22:05
EE8153,14/8/2019 12:36
EE6110,8/1/2019 20:04
EE7881,12/3/2020 4:36
EE6077,2/5/2019 18:47
EE7360,14/8/2018 6:14
EE7880,18/1/2018 19:55
CM5956,5/5/2018 18:06
EE9648,29/1/2019 7:11
FV3020,17/6/2018 11:47
CM5971,30/8/2019 6:29
CM5963,3/4/2019 5:06
CM5978,4/10/2018 6:44
CM5962,17/11/2018 2:45
CM5975,1/9/2018 20:35
CM5961,22/8/2019 6:15
CM5974,24/8/2019 18:49
CM5990,
CM5979,18/1/2020 1:03
AQ0863,2/8/2018 12:28
CJ8104,3/12/2018 22:58
CM5965,22/1/2019 11:55
CL7519,19/1/2018 3:49
EE5108,31/5/2019 6:08
CL9930,20/1/2019 19:06
EF0815,28/7/2018 8:42
CL9935,6/4/2018 17:35
CM4795,11/2/2020 3:04
F35061,
CM4978,9/9/2019 8:45
EG1686,
FV2838,1/11/2019 16:33
EF4344,
EH0188,26/9/2018 1:14
EE6037,3/8/2018 13:29
CM0039,1/10/2018 22:07
G27636,23/2/2018 13:04
F34392,20/11/2019 10:51
EG1728,12/10/2019 15:58
DB1758,17/9/2018 3:56
CI1822,29/7/2019 17:24
CI9830,4/7/2019 18:19
DB1459,18/1/2019 2:35
EG5947,30/1/2020 19:50
B44809,23/10/2018 12:53
CG4044,3/9/2018 17:21
CI9931,28/5/2019 9:40
F35025,30/8/2018 4:04
B96344,6/3/2018 20:18
CL7543,9/2/2019 17:03
F35560,10/7/2018 10:09
CL7399,15/1/2019 20:36
CL7303,18/12/2018 18:28
CL7509,6/2/2018 12:54
EF3500,11/2/2018 2:11
EE8024,29/1/2019 12:27
EE3655,18/1/2018 14:39
EE8447,5/5/2019 16:34
CL7426,30/10/2018 0:15
EF9182,13/8/2018 9:10
EE6317,12/12/2018 17:38
EF3836,28/5/2019 13:37
FW5351,24/10/2018 3:22
DB0958,17/12/2019 6:42
CI9939,5/4/2020 9:15
BD7577,1/1/2020 3:31
BB7828,26/6/2018 13:02
DB3530,9/12/2018 5:22
F34864,
CJ8087,22/4/2018 7:31
F34568,8/3/2019 2:22
B41812,27/1/2018 23:48
CL7310,13/10/2019 20:56
CL7397,12/8/2019 3:59
CL7624,19/7/2018 16:40
CL7573,30/3/2019 8:56
BB7716,16/3/2018 2:49
EE6318,2/3/2018 12:17
BC0020,
CI9699,12/5/2018 13:22
CJ8027,27/5/2019 20:30
B37736,30/9/2018 6:37
D97080,25/11/2019 5:24
CL7308,13/8/2018 9:10
G27464,
CL9966,19/3/2020 18:18
BD7480,3/2/2019 9:38
CI1823,28/7/2019 21:39
DB0961,30/6/2019 19:31
CQ2896,24/10/2018 20:29
B41649,15/4/2018 13:34
CQ1711,12/11/2018 1:37
CI9992,24/9/2019 4:15
B37725,26/6/2019 2:17
CI9831,1/1/2020 23:16
BB7613,19/3/2019 1:42
CK1229,31/7/2019 15:29
BB7829,30/10/2019 0:02
B44821,
CJ7975,9/2/2018 19:54
B43651,12/9/2019 17:04
F35012,7/3/2018 8:09
CJ8106,25/1/2019 12:20
EF8729,22/9/2019 21:58
BD7932,26/1/2018 13:34
BD7914,8/6/2018 10:32
CL7606,21/10/2019 9:19
FV6448,4/12/2019 9:17
G27639,1/1/2019 20:51
CK9569,1/12/2019 19:24
EE3649,5/7/2019 2:13
CK9829,18/5/2018 1:02
CG5801,30/1/2020 23:47
CJ0027,9/2/2020 8:56
CJ0070,2/2/2019 0:43
CJ8989,5/8/2018 10:15
BB7067,
B41810,16/2/2019 4:25
G26778,15/7/2019 7:07
CJ8103,11/10/2019 11:00
EE6876,23/7/2018 20:44
EE7246,24/5/2019 1:39
CK9805,31/3/2018 19:23
EE5883,3/9/2018 18:40
CK9785,30/11/2018 8:04
CK9802,3/4/2018 22:26
CK9860,6/4/2019 12:06
EF1413,31/1/2020 20:51
G27309,4/3/2019 8:50
EE6436,6/8/2019 16:19
EG8300,23/9/2018 19:15
CM5922,12/6/2018 13:17
CM4854,9/1/2019 13:11
B43814,12/3/2018 0:04
AC7045,8/8/2018 11:59
D96746,8/12/2019 12:02
EE3654,8/7/2019 15:48
G26806,14/6/2019 12:28
CQ1179,
EE7840,4/4/2018 23:27
EE4277,21/11/2018 16:02
F35377,5/8/2019 17:56
B37919,
EG2363,7/6/2019 19:50
CG3820,19/12/2018 3:41
DB1560,12/5/2018 22:35
F34428,16/2/2018 11:13
F36994,2/10/2019 12:23
B41648,14/8/2019 9:58
B37959,31/1/2019 5:16
BB6744,29/11/2018 5:44
DB3588,12/4/2018 2:37
F34563,18/8/2019 16:40
F36208,10/5/2018 15:17
CL7342,7/2/2018 8:39
EE9721,26/2/2020 22:16
FV2480,27/12/2018 1:17
EE5590,27/6/2018 3:31
CG2925,28/3/2018 4:29
BB6918,
EE9513,20/4/2019 15:48
CP8828,27/9/2019 21:47
CP9344,10/4/2020 10:23
F36171,6/4/2019 18:41
CI9976,5/10/2018 14:20
CI9701,14/12/2019 23:24
B44806,16/12/2019 16:13
EE4577,4/3/2020 8:19
BZ0109,13/5/2019 8:54
F34571,21/2/2019 4:14
CJ8014,1/3/2020 17:07
CP8822,21/9/2018 13:16
F36242,12/9/2019 1:16
CJ8074,16/2/2018 15:10
CJ8015,1/4/2018 16:27
CJ8114,7/12/2019 20:14
CJ8075,15/8/2019 14:56
F35444,18/11/2019 12:46
EE5508,25/12/2018 4:31
CJ7991,31/5/2018 2:24
CL7312,24/8/2018 5:52
CL7611,27/7/2018 18:13
CK9605,26/3/2020 1:43
CK9481,
CK9505,
CK9485,24/2/2018 11:27
CL7489,
CL9947,28/5/2019 8:21
EE5668,3/9/2018 21:18
CK9539,2/2/2018 4:53
CI1702,2/3/2018 7:01
CI1812,22/9/2019 20:39
FV4298,29/9/2018 14:49
CI1739,14/1/2018 18:29
CI1935,23/3/2020 1:18
B37266,2/8/2019 21:28
B37955,23/11/2018 18:04
BD7842,13/2/2018 10:48
BD7528,1/2/2018 18:21
BD7840,22/9/2019 7:29
CI1738,4/11/2019 1:10
AQ0535,15/11/2019 14:59
FV2484,11/11/2019 5:39
EE8137,16/12/2018 16:26
CL7455,
EE9267,31/3/2020 21:17
FW5365,27/1/2019 3:50
CJ0177,6/3/2018 9:46
EE8445,2/12/2019 5:56
CJ0212,11/4/2019 10:36
EE7917,29/5/2019 5:25
CK1086,23/3/2019 0:30
EF0586,11/2/2020 12:17
EE7599,
F34403,11/5/2018 17:37
EF1157,
F34407,2/11/2018 11:12
G26942,
F35379,21/1/2019 6:57
F35382,21/7/2018 13:26
F35378,11/7/2019 17:32
F34400,22/2/2020 18:12
EG4009,
EE8489,24/7/2018 2:00
BD7479,2/4/2019 22:31
EE7763,14/10/2018 1:06
BC0975,
EF8730,15/10/2018 8:42
EE7762,
EE4937,18/3/2019 20:26
EE8973,29/9/2019 17:14
EE8331,17/10/2019 21:03
EE4762,28/7/2019 1:54
EE7163,12/2/2020 6:43
EE6257,13/3/2020 0:21
EE4445,22/7/2019 12:55
EE4443,5/6/2018 2:13
EF2102,19/2/2018 22:10
CM0011,26/12/2019 11:54
B22747,13/7/2018 5:18
CM7988,1/3/2018 21:48
BB9280,14/9/2018 15:22
BC0973,23/12/2019 7:32
CL7287,8/3/2018 21:01
EE5790,25/4/2018 13:12
CL0235,20/6/2019 4:05
EF1344,8/4/2018 9:05
G27506,24/6/2018 8:22
F35373,21/11/2018 9:27
F34394,3/4/2020 21:42
DB3405,11/1/2019 6:00
CK9474,30/3/2020 20:16
EF8329,18/9/2019 11:19
CL9983,13/7/2018 15:50
EF0021,7/8/2019 13:23
EF8348,16/1/2019 15:02
CL9985,8/4/2018 22:15
EF8211,8/9/2018 7:57
CL9990,27/12/2018 19:43
EF8208,24/10/2019 3:09
EF1619,24/2/2018 18:02
EG7224,
CL9979,23/2/2020 8:41
EF1958,28/9/2019 22:48
EE9566,31/5/2018 5:02
EF1806,17/3/2018 3:50
EE9573,11/2/2018 7:27
EF1957,27/5/2018 7:33
EF1634,2/10/2018 20:30
EE9577,16/3/2018 22:34
G28550,18/11/2018 2:27
G28551,26/12/2018 18:42
EG7155,21/7/2019 4:00
EF1809,25/7/2019 21:14
EG0963,11/7/2019 4:22
CM5919,22/1/2020 6:26
EF1664,19/4/2018 21:35
BZ0084,4/7/2018 23:48
CM5920,18/2/2018 9:18
CM5921,6/10/2018 11:24
EF2778,10/4/2020 6:26
F34053,17/1/2020 14:31
B27788,1/3/2019 17:38
B37945,24/11/2018 13:49
B37846,27/12/2019 10:17
B96323,12/5/2018 13:22
DB3143,8/5/2018 22:28
B41825,19/6/2019 22:49
F36630,12/3/2019 15:39
B37787,8/7/2019 23:42
DB3329,3/7/2019 15:59
G27808,27/1/2018 9:19
DB2609,27/12/2018 17:05
CJ9009,5/3/2019 12:29
CL0233,29/2/2020 14:47
CI1719,7/1/2019 13:47
CM0106,23/11/2019 16:32
CK9437,25/2/2018 1:56
F34579,12/2/2019 20:06
F34578,1/5/2019 12:30
F36629,20/9/2019 21:15
CQ2330,3/6/2019 5:14
DA9854,5/12/2018 9:12
CL9937,31/8/2019 20:40
CQ2358,24/9/2019 17:25
DB0959,22/6/2018 3:42
DB1592,31/3/2020 0:13
CQ2630,9/1/2018 1:33
B41736,15/11/2019 13:40
CQ2809,27/1/2020 0:59
B41671,4/6/2018 23:35
B41719,10/1/2019 8:56
B37633,3/2/2020 12:03
B75680,11/9/2019 8:09
B37995,23/11/2018 0:57
B41766,19/5/2019 7:06
B38003,27/5/2019 17:52
B37638,15/1/2019 7:26
B27786,28/4/2018 10:59
B37827,11/4/2018 16:05
B37364,1/1/2019 5:03
B42000,2/2/2018 19:22
DB2736,20/9/2018 4:21
BD7816,5/7/2019 23:17
DB3276,18/1/2020 22:07
BD7778,30/12/2018 10:55
G27934,18/8/2018 6:21
DB3565,5/4/2018 20:31
F35627,22/2/2018 19:57
F99866,
F34038,1/1/2018 15:48
DB1464,15/1/2020 0:38
CJ3406,3/12/2018 5:51
CI9718,16/12/2018 9:51
DA9305,20/5/2019 6:48
B44650,6/9/2018 7:14
AC7044,27/1/2020 22:03
CJ8055,21/5/2018 23:50
B43642,1/3/2020 11:51
CJ8100,28/3/2020 19:33
CJ8028,3/8/2018 9:32
CL7474,25/12/2019 17:28
EF9181,1/7/2018 6:16
CK9671,22/12/2018 18:35
EE5855,14/6/2018 20:35
EE5317,8/10/2019 9:16
EE5621,11/1/2018 18:04
EE4471,19/2/2018 6:22
EE4446,26/10/2019 19:40
EE4988,12/3/2019 1:10
EE7741,20/10/2019 16:12
EE7235,25/3/2019 22:17
EE4962,29/9/2019 18:33
EE4989,18/9/2019 12:38
F36760,6/3/2020 16:56
BD7316,26/4/2019 20:35
EE7162,29/1/2020 0:23
EE7238,21/9/2018 9:19
CM6085,
BC1037,26/3/2020 17:31
CL7629,1/12/2019 2:17
B41529,13/5/2018 1:13
CL9920,29/1/2019 8:30
B37727,24/9/2019 4:15
AQ1022,20/8/2018 9:42
D96745,20/2/2020 13:32
BD7843,3/9/2018 1:33
CL9922,1/9/2018 14:00
CK9593,13/12/2019 13:10
F34037,20/8/2018 1:48
G28999,27/10/2018 3:47
EE9812,27/3/2020 14:35
F34608,13/9/2018 9:05
F99253,14/11/2018 1:01
F36204,1/11/2019 13:55
B79773,21/11/2019 21:05
B43743,13/12/2018 17:20
B79774,9/5/2018 16:54
CL0208,4/1/2020 18:25
EE6664,19/2/2018 11:38
CM7593,20/12/2018 20:30
CM0037,28/12/2018 16:47
EH1294,20/5/2018 22:49
FV4300,14/1/2020 22:00
B41677,7/3/2019 13:12
CL7540,9/7/2018 11:46
F34944,1/9/2019 15:06
CL7625,21/5/2018 14:37
CL7510,13/12/2018 8:07
CL7512,30/6/2018 7:53
EE9894,4/6/2019 16:47
F35606,11/8/2019 16:08
CK9842,5/10/2019 8:51
CK9810,16/12/2018 17:45
CK9787,16/3/2020 15:15
CK9812,
CL9975,15/4/2018 21:28
G26170,7/3/2018 16:03
F97258,3/4/2019 19:35
CL9980,24/9/2019 2:56
EG2066,17/6/2019 10:15
CL9981,27/10/2018 18:16
CM5995,24/8/2018 0:36
AC8133,19/11/2019 9:50
EE3656,21/3/2020 4:32
G27274,10/3/2020 13:06
G28372,1/1/2018 0:00
EG1188,8/4/2018 6:27
G27364,3/5/2018 20:01
G28583,21/8/2018 5:27
EF0582,1/6/2018 17:54
CL7522,27/8/2018 10:14
CM0040,27/11/2019 0:51
CL9940,17/8/2018 13:14
EE5107,13/8/2019 19:29
DA9853,1/8/2018 18:02
CG5675,17/12/2018 17:27
EE5357,12/6/2019 19:39
CL7641,28/3/2019 20:04
EE5451,26/11/2018 23:45
CK9458,29/11/2019 16:03
EE4444,16/9/2019 19:49
G28970,10/7/2018 6:12
DB3021,29/12/2018 16:29
EE6378,4/10/2018 13:19
BB9890,
EF2511,2/1/2018 11:33
F36393,15/10/2019 11:07
CL7275,28/10/2018 4:48
EE7906,7/7/2018 0:31
EE7908,28/8/2019 4:27
EE7681,10/2/2019 14:07
EE7680,7/3/2020 6:06
EF5887,18/2/2020 15:27
EE9675,9/12/2018 6:41
EG8323,25/8/2019 19:50
FV4417,
EG3493,30/1/2018 3:09
EE9717,18/10/2018 15:42
CM4938,3/8/2019 21:10
G27276,10/4/2019 9:35
B37789,7/5/2019 1:29
F36993,3/4/2018 5:19
CM4773,14/2/2019 6:20
BB1879,28/10/2018 14:01
BB1878,29/7/2018 4:27
BA9109,
BB6079,13/4/2018 8:54
BY2405,2/2/2019 16:31
CJ8985,21/9/2019 10:25
CL9949,27/7/2018 16:54
CM0041,
CK1083,27/10/2019 16:44
CL0213,27/3/2018 7:25
B43659,
BC0516,13/1/2019 0:08
BB9426,24/2/2019 0:42
F34426,5/3/2019 12:29
BD7810,11/12/2018 21:53
B44699,17/10/2018 10:44
EF8373,22/2/2020 20:50
EG7971,17/6/2019 14:12
EG7972,11/4/2020 11:24
AQ0106,3/4/2018 19:48
F34813,27/11/2018 15:33
EE7379,23/1/2019 1:05
EE9631,22/7/2019 7:39
CK9819,22/12/2019 9:09
EH1172,16/10/2019 5:33
EE9635,23/8/2019 15:10
EF9612,10/3/2019 13:37
EH1851,4/2/2019 15:55
EG1713,10/1/2020 21:53
CM5923,18/1/2020 18:10
CM5942,23/2/2018 19:39
CM5932,
CM5937,30/6/2019 3:43
CM5933,28/5/2018 15:09
CM5924,7/8/2018 17:33
CM5938,
EG4344,2/3/2019 10:45
EG5839,6/9/2019 7:01
EF8850,1/7/2018 20:45
CL9957,14/3/2018 20:32
B37704,19/10/2019 8:36
CL9964,5/3/2020 21:11
EF0804,9/11/2019 7:34
EG1144,21/5/2019 2:33
EG1146,17/12/2019 19:52
EH1531,
EE4316,
EG1393,25/9/2018 16:01
EG0978,
EG0959,9/8/2018 7:44
EE4185,12/3/2018 15:52
EG0693,
EF1043,17/3/2019 11:31
EH1530,24/6/2019 22:38
DB3145,9/12/2018 15:54
CL7378,3/5/2018 17:23
EG1391,16/5/2018 21:23
FV4284,24/12/2018 16:40
EG0695,11/10/2019 0:28
EE5403,2/8/2018 20:22
F35565,23/2/2019 20:45
EE4935,24/11/2019 14:55
F36392,2/10/2018 11:17
EE5597,22/11/2018 10:28
EG4370,4/5/2018 1:17
EE7888,11/7/2019 18:51
DB0156,8/2/2020 21:05
EE7686,28/3/2019 18:45
D96523,29/4/2018 10:41
EG3278,25/9/2018 8:07
EF6989,16/8/2019 14:38
D96524,21/7/2018 17:23
F35626,
F35629,7/3/2020 4:47
F35619,29/1/2020 14:52
EF1162,30/10/2018 23:57
G27244,31/3/2019 7:19
CP9196,10/2/2020 23:07
CP9028,3/9/2018 8:08
CP8933,21/9/2018 0:06
CP9029,22/5/2018 1:09
BB9345,29/7/2018 16:18
DB2064,19/1/2020 6:01
DB2188,13/10/2018 4:02
DB2125,
DA9588,23/12/2018 14:20
DB2080,9/4/2020 12:00
DB2463,7/7/2018 17:38
DB2166,21/8/2018 6:46
BB9185,14/6/2018 0:50
BC0552,2/2/2018 14:06
BC0316,10/2/2019 22:01
BB9375,
D97992,9/3/2018 4:55
BB8113,24/8/2018 5:52
B43665,23/8/2018 12:45
BB9188,8/9/2019 2:28
EE7042,20/2/2020 0:22
BB6280,11/10/2018 0:41
CK9455,26/1/2018 14:53
CG4019,23/4/2018 16:26
F35784,21/12/2019 19:59
BB6291,13/4/2019 12:38
CQ3176,8/11/2019 6:33
D97306,19/2/2020 17:47
D97451,7/6/2019 10:37
CK9859,18/7/2019 15:26
G28832,8/7/2018 23:55
EF5431,11/5/2019 21:21
F34393,13/6/2019 18:02
EF4258,2/4/2019 0:08
CM5970,2/9/2018 22:55
AQ0533,29/5/2018 20:07
EG4958,9/5/2019 21:57
280648,1/5/2019 0:39
288022,2/10/2019 11:04
CK9857,11/6/2018 13:35
CL9944,22/11/2019 1:02
FW0536,6/11/2019 17:41
EF0709,7/4/2018 1:29
BB6351,21/1/2018 16:23
FU8299,26/6/2019 14:08
CK9684,14/8/2019 13:55
DB2071,14/10/2018 11:38
BB9335,11/6/2018 16:13
F36199,6/12/2019 20:32
FV8788,3/4/2019 20:54
EE6255,18/3/2018 19:20
EE9845,29/1/2019 21:40
EF0416,23/6/2018 9:59
EF3830,25/4/2018 3:59
EG3106,29/7/2018 8:24
EG3667,24/8/2019 0:23
FV3907,8/5/2018 14:34
CM4815,29/11/2018 17:35
FV4287,14/7/2018 14:13
FV4291,10/12/2018 2:26
BY9260,12/7/2018 17:27
BB5478,16/5/2019 2:44
CM4832,1/7/2019 13:57
AQ8531,6/11/2018 4:44
G27706,4/5/2019 7:39
CK9655,24/2/2019 12:33
EF4690,24/12/2019 8:33
EF4689,14/9/2018 16:41
EG4959,1/3/2019 8:25
F35611,25/7/2019 6:45
FV3017,16/12/2018 5:54
FV2807,7/8/2019 21:17
EG3284,
F35383,7/1/2020 1:43
F34412,10/3/2019 20:12
EE9663,20/4/2019 3:57
CQ2332,30/8/2019 11:45
EE7744,13/8/2018 10:29
EE7801,11/4/2020 4:49
EF5945,21/2/2018 18:56
FV4649,23/12/2019 22:01
EF5891,6/5/2018 16:29
EF5884,1/12/2018 16:59
EH0169,21/10/2019 8:00
EG7964,12/9/2019 1:16
FV3023,23/4/2018 13:48
EH0175,15/7/2018 11:17
BB9347,
FV2872,25/11/2019 2:46
CP8971,16/2/2019 7:03
F35341,5/8/2018 3:40
FX4259,23/10/2018 15:31
BB9367,21/3/2020 20:20
CG6830,8/4/2018 5:08
BB8090,18/10/2018 1:13
EF8368,7/8/2018 12:17
EE7695,25/10/2019 0:13
EG6208,27/11/2019 16:39
EE7678,6/11/2018 2:06
EF1357,9/3/2020 22:37
G27367,14/1/2018 22:26
EF1240,7/4/2018 21:14
EF8287,21/2/2019 0:17
EF8292,24/5/2019 13:30
EF2380,22/2/2019 13:09
CM4816,7/10/2019 5:37
CM4936,31/5/2018 16:53
FW5354,4/9/2019 10:15
FW8153,4/2/2020 5:10
CM4881,3/9/2018 18:40
F34408,1/10/2019 21:54
CL7362,16/2/2019 7:03
F35594,13/3/2020 12:12
EF9237,26/6/2018 5:08
CG6465,23/12/2018 16:58
B43739,9/1/2019 9:14
F35316,6/9/2019 18:52
EE5803,23/1/2020 11:24
EG3730,14/3/2018 0:47
CM6084,8/2/2020 18:27
EF4261,30/7/2019 13:09
FW2154,23/10/2018 3:40
CL7640,10/10/2019 16:34
G26989,2/4/2020 18:03
EE7720,24/9/2019 17:25
B37698,29/3/2018 4:11
CM6072,25/7/2019 19:55
CK9795,22/2/2019 19:44
FU8940,12/6/2018 1:26
CL9923,30/1/2018 9:44
BY4027,28/6/2019 20:07
F35621,
EE9554,29/11/2018 21:32
B37697,
FV7538,14/8/2019 13:55
D97436,
EE7692,20/9/2019 2:49
EE9664,21/12/2019 2:52
EE6036,25/8/2018 2:56
FV7536,27/12/2018 14:27
EH0151,
CM5985,5/6/2019 21:45
CM5951,9/1/2018 1:33
CM5952,9/4/2019 4:37
CM5964,11/1/2018 3:35
EF1343,17/7/2018 6:44
EF4343,17/7/2019 13:06
B44142,18/8/2019 12:43
EE4320,29/3/2020 21:53
CL0252,6/7/2018 4:46
EE7904,7/3/2018 16:03
CM4885,11/8/2019 10:52
BY4061,25/7/2019 18:36
G26565,26/8/2019 6:22
F36333,8/5/2019 18:18
CL9986,6/11/2019 12:25
EF8210,4/2/2020 1:13
CL9976,12/11/2019 19:50
EE4805,12/3/2018 14:33
EF1814,10/8/2019 3:16
EG0953,3/8/2018 6:54
CM5915,26/9/2018 18:21
G27504,3/2/2019 1:44
BD7819,26/2/2018 1:38
EF4260,18/4/2018 16:37
EF4001,11/4/2020 10:05
EF4262,6/12/2019 3:25
EF5432,26/12/2019 4:00
EF4028,31/3/2019 13:54
EG8354,6/9/2019 3:04
EG8355,7/8/2019 10:45
CM4551,23/10/2019 8:43
FV3018,15/4/2018 16:12
EE4324,3/2/2020 18:38
F34469,1/10/2019 23:13
F35381,11/9/2018 5:44
B96558,22/2/2018 6:47
BA7376,23/3/2019 21:34
B37435,22/10/2019 1:07
F36334,
CL7338,26/2/2018 14:48
CQ1108,29/10/2018 1:52
FV4083,27/9/2018 23:19
CK1084,
CQ1129,13/7/2019 9:02
CQ1114,
B22729,22/6/2019 11:23
F36236,12/4/2020 8:28
F36232,9/7/2018 1:14
DB3555,2/2/2018 4:53
B42259,5/6/2019 3:19
B22728,9/3/2019 8:39
B27818,27/2/2019 15:36
B22721,22/1/2020 7:45
B22726,30/3/2019 8:56
B22762,2/1/2020 21:39
B41486,12/2/2018 9:47
B41686,29/6/2019 17:11
B41776,19/9/2019 12:20
F36221,29/9/2019 9:20
B22790,
BD7809,4/7/2019 22:16
EG1212,1/3/2020 3:57
EG1346,29/11/2019 17:22
DB1347,25/1/2019 18:55
F35595,4/5/2018 21:02
B96569,29/8/2019 23:54
F35593,9/12/2019 23:35
EF2099,19/10/2018 0:55
G27132,3/8/2019 1:25
DB3389,7/7/2018 15:00
EF1649,6/10/2019 12:30
EF1698,22/3/2020 0:17
EF2208,30/5/2019 7:45
EG0964,3/4/2019 11:41
EG7202,24/11/2018 5:55
EG7130,8/2/2018 4:24
FU8926,
EF1707,26/9/2018 11:46
G54739,13/6/2018 5:05
B44705,29/6/2018 9:30
DA8693,24/3/2019 2:50
CM0105,10/1/2020 4:46
F34611,23/6/2018 21:50
EG5933,
BB6574,18/11/2018 1:08
BD7878,16/10/2019 4:14
CK8040,24/1/2020 11:06
CK8037,12/7/2018 0:20
CK8039,
EE6254,9/12/2019 9:06
EE6081,23/9/2018 23:12
EE7383,3/5/2019 7:57
EE9665,21/12/2019 22:37
EE6111,14/1/2018 2:41
D97654,8/5/2019 6:27
EE6112,1/12/2019 19:24
CL9854,23/4/2018 3:16
EE4284,8/1/2019 22:42
EF0609,10/8/2019 15:07
CM0060,
G26566,23/11/2018 7:32
EF0500,18/4/2018 8:43
F34375,
EG1851,21/2/2018 3:08
BB7236,2/9/2019 9:32
CP9392,5/1/2019 17:01
F34573,14/3/2019 4:31
CL9853,
EF2378,16/12/2019 17:32
F34390,12/10/2018 4:20
CL9851,15/11/2019 16:18
F36412,11/3/2018 1:41
BB9425,18/10/2019 11:32
S78048,4/11/2018 4:01
G27463,2/4/2018 16:09
B44869,29/7/2018 7:05
CM0002,31/5/2019 16:40
EH1837,13/10/2019 6:27
EF2392,22/12/2018 0:09
EH0433,26/11/2018 17:10
EE4393,14/8/2018 16:46
EE9642,31/1/2020 7:41
EG0692,10/2/2018 2:29
F34376,23/8/2019 15:10
DA9997,18/9/2019 19:13
G28527,28/2/2018 14:12
CQ0443,7/2/2020 14:48
EE9555,13/3/2020 20:06
EE9027,
G28523,10/2/2020 15:13
DB3390,27/4/2019 15:01
BB9440,16/9/2019 2:42
CP8932,16/3/2020 13:56
D97959,23/5/2019 20:23
D97609,29/11/2019 16:03
BB9187,25/6/2018 0:10
AQ0407,2/2/2020 11:02
FW5366,19/7/2018 19:18
CJ8979,22/3/2018 12:52
B42099,22/3/2020 18:43
CM0042,19/5/2018 15:13
EE6814,
BD7927,3/3/2020 21:47
FU8296,26/12/2018 8:10
EE9576,28/1/2019 15:23
CM5914,7/12/2018 17:49
EF0893,30/11/2019 14:26
EG0979,14/2/2019 3:42
CK9797,21/10/2019 22:29
B37706,2/2/2019 23:06
CG6237,11/7/2019 5:41
AW4591,6/6/2019 14:52
DB3364,14/2/2020 4:48
F35234,9/1/2020 14:17
B37703,10/3/2019 9:40
D97441,13/8/2019 5:00
CM6023,28/6/2018 3:13
CM6022,14/4/2018 0:42
EH0166,22/2/2018 9:25
EG0429,7/2/2019 17:39
FU8298,4/9/2018 23:38
FV0033,4/3/2019 7:31
CL9987,19/1/2018 15:40
FU8297,9/3/2018 15:27
EF0573,17/3/2019 6:15
EG0755,21/2/2020 9:17
FW1970,
BD7865,30/1/2020 7:59
EG2211,26/8/2019 15:35
D69234,17/4/2018 9:01
EG2216,28/9/2019 17:32
EG2007,5/1/2018 0:07
CM6029,12/5/2019 3:56
EF2479,18/1/2020 16:51
EE9658,12/12/2019 8:12
CM6028,11/12/2019 9:49
EE7669,7/3/2020 0:50
CM6027,22/8/2018 18:19
EG2009,10/9/2019 8:27
CM6007,15/10/2018 19:14
CL9855,
EF3504,2/2/2020 4:27
EF0606,
M20324,11/6/2019 6:47
EG2659,1/1/2019 23:29
FW5445,18/3/2018 15:23
FW3136,13/1/2020 17:02
EH1106,30/12/2018 4:20
EH1943,13/7/2018 17:09
EG0773,9/2/2018 5:25
EG2799,5/1/2019 17:01
EF9919,11/2/2018 17:59
EE4599,6/4/2020 11:35
EF9866,17/8/2019 9:04
EF9908,7/10/2019 22:44
CM6031,7/6/2019 6:40
CM6012,4/5/2019 10:17
EF9926,12/8/2018 9:28
CM6013,13/2/2019 10:35
D96931,1/7/2019 3:25
BB3218,7/4/2020 2:04
EH1875,21/10/2019 8:00
CM6032,
EG0691,2/12/2019 13:50
G28220,31/3/2019 3:22
FW0525,28/8/2018 0:43
G26934,28/6/2019 17:29
EF3509,15/7/2018 0:45
EF3503,5/8/2018 3:40
EF3505,1/5/2018 8:46
CM6008,5/7/2018 16:55
BC0980,9/12/2018 2:44
EF9924,1/5/2019 7:14
CJ1646-600,13/9/2018 22:15
CT4328-101,15/12/2019 3:21
CI3482-200,11/9/2019 10:47
CD0479-200,22/10/2018 10:33
CZ6156-101,2/10/2019 13:42
CJ6314-146,5/10/2018 18:17
CI0808-100,8/10/2019 5:19
CJ0861-017,26/2/2018 9:32
AT8242-009,13/3/2018 7:40
CK2595-500,
CD0490-104,28/8/2019 20:15
315115-112,1/2/2020 0:48
AV5186-101,25/3/2020 2:01
CJ0860-668,1/6/2019 22:57
AJ6910-009,1/5/2019 4:36
BQ7043-668,18/3/2019 17:48
CK2608-100,11/2/2018 10:05
921733-104,
CJ1379-001,3/3/2019 6:30
CT1726-100,21/1/2019 13:32
CT4525-001,
923112-001,17/3/2018 10:25
BQ3381-600,24/8/2018 4:33
AO2982-076,15/5/2019 5:40
CJ0277-002,17/7/2019 13:06
AQ2730-009,3/4/2019 19:35
CT1030-100,19/10/2019 12:33
CK9671-001,13/1/2019 23:50
BQ4632-602,30/11/2018 13:20
CJ0280-001,15/7/2019 7:07
AR6374-402,10/12/2019 21:58
CU5646-001,1/8/2018 14:05
AR4543-013,1/11/2018 22:02
CI3707-100,3/1/2019 5:46
CQ9500-100,
CJ1642-002,20/1/2018 16:41
CD0888-002,6/2/2020 3:15
CI3868-001,25/8/2019 11:56
CJ0636-100,5/1/2020 23:23
852542-087,7/8/2018 5:42
CK2351-601,10/11/2018 23:17
BV0657-400,8/10/2018 13:26
AT8000-104,18/4/2019 12:27
554724-066,16/1/2020 0:20
CJ0619-100,8/2/2019 1:33
CJ0592-001,7/1/2019 16:25
CT3867-001,
CJ0267-001,
AT7998-104,4/10/2019 7:50
AT7898-104,8/10/2018 21:20
CD5086-500,13/2/2020 10:22
CJ0625-700,8/2/2018 22:50
CT4352-104,21/2/2020 2:42
CD3002-103,25/11/2019 15:56
CD3460-010,13/2/2020 1:09
CD3395-006,23/8/2019 2:00
CQ6569-001,31/7/2018 14:23
AT7997-606,18/5/2019 3:27
CI3708-700,8/5/2018 17:12
CT1104-700,11/12/2019 9:49
CD5007-102,3/9/2018 23:56
AT7995-104,
BV9977-101,12/3/2019 7:45
CD0200-003,16/5/2019 19:51
BQ3177-100,15/3/2019 17:23
DA4155-400,8/11/2019 13:08
CJ0773-010,27/1/2020 0:59
CQ0912-100,21/2/2019 5:33
CT1099-093,
CI1718-001,2/2/2019 2:02
CD0490-101,4/1/2019 2:50
AT7980-606,26/7/2019 3:49
BQ3202-011,18/3/2018 0:54
CD0113-400,21/2/2020 0:04
CQ2344-100,3/7/2019 9:24
AO4971-700,20/3/2019 15:53
AV2605-101,29/9/2019 21:11
AA1625-009,
CK3022-005,
AO7351-104,31/5/2018 20:50
AJ9515-001,4/1/2019 18:38
AO2434-101,9/9/2018 20:49
CJ0861-010,13/12/2019 0:00
AT1198-401,25/11/2018 9:34
AT7996-606,29/12/2019 20:13
CK2772-101,
AQ7477-009,
AQ5707-001,2/10/2018 8:39
BV4584-001,22/8/2019 22:03
CD6721-808,9/12/2019 14:22
AO0566-606,7/2/2018 8:39
AT5410-003,23/7/2018 11:31
BV6348-300,30/6/2019 19:31
CI3703-401,28/7/2019 17:42
AT7946-414,27/12/2018 18:24
BQ5401-001,23/3/2020 9:12
BV7725-500,15/5/2018 15:06
CU7623-002,22/2/2018 13:22
CK5669-400,22/11/2018 6:31
704939-103,16/10/2018 17:37
CD5050-400,2/10/2018 4:42
CK5836-100,18/6/2019 19:10
CI1396-600,17/3/2020 18:54
CD0916-001,18/2/2018 15:53
BV1507-001,1/3/2020 11:51
BQ6623-070,3/9/2019 21:05
CD4156-606,27/3/2018 20:35
CI3831-200,8/3/2018 17:04
AO1741-003,13/4/2019 17:54
AH8050-100,5/3/2019 17:45
CD4159-606,26/1/2018 4:21
CK4363-100,31/12/2019 5:08
CN8490-100,10/4/2019 0:22
CI9921-001,14/10/2018 11:38
AO3269-717,15/9/2019 3:00
CI9367-301,16/9/2018 16:05
AT7960-104,
AT8179-100,28/5/2019 12:18
AV3866-001,12/1/2018 21:43
AH1015-010,3/5/2019 0:03
AT5293-004,9/5/2018 3:44
AT7949-606,3/2/2020 4:09
AT6395-002,13/7/2018 6:37
CK6357-005,10/11/2018 14:04
AV5555-001,29/9/2019 9:20
310805-137,25/7/2019 17:17
130690-017,29/7/2019 21:21
CT1264-101,12/9/2019 1:16
CK5668-600,12/8/2018 6:50
BQ5427-401,23/3/2018 7:18
AQ7497-300,12/4/2018 14:28
CT4526-100,9/10/2018 1:17
AH7378-801,16/12/2019 8:19
CJ0404-001,18/1/2018 1:29
CI3871-300,6/4/2020 3:41
BQ2728-012,24/6/2019 18:41
CT3110-400,16/8/2018 12:13
CJ0270-601,27/12/2019 18:11
CT8919-700,27/9/2019 20:28
CT1020-001,9/10/2018 5:14
CD5082-001,26/6/2019 2:17
BV5739-500,
CW4286-100,28/3/2019 9:32
CD0887-201,5/4/2019 1:52
CD5028-900,22/2/2020 6:21
AJ6900-102,31/3/2019 17:51
CI9842-500,8/3/2019 14:13
CI0919-100,2/7/2019 3:07
CK7200-800,12/11/2019 18:31
487754-303,18/4/2019 9:49
AH7249-118,26/8/2019 9:00
CJ9684-001,20/6/2019 21:12
AO0354-108,20/10/2019 1:43
AT2863-100,
832528-001,9/8/2018 2:28
CD4371-001,1/5/2019 5:55
AQ8830-016,18/2/2018 23:47
AO9819-001,29/7/2019 16:05
AR3863-101,1/9/2018 16:38
CI3706-100,13/2/2019 17:10
AT1369-103,1/1/2019 19:32
AQ1189-009,7/12/2018 12:33
CU5133-600,20/1/2020 22:50
CK9670-100,23/7/2019 6:02
CI5546-100,30/7/2019 3:56
BQ6826-003,5/2/2018 10:34
CU0814-102,16/9/2019 1:23
AV4789-104,14/12/2019 4:58
CJ3312-001,31/1/2019 7:54
AR6631-004,21/1/2020 18:35
BQ6166-003,11/9/2019 22:38
CQ0492-001,
918193-700,11/3/2020 12:48
AQ0926-001,7/4/2018 6:45
AQ7489-008,22/10/2019 7:42
CD7070-009,27/11/2019 16:39
AH7857-009,7/12/2019 22:52
CT5229-001,1/5/2019 12:30
CJ1300-401,
880848-005,3/5/2018 18:42
AT8240-003,23/7/2018 11:31
942851-002,21/3/2019 1:06
AR5677-200,10/10/2019 6:02
CI9949-001,10/11/2018 3:32
AJ6959-717,24/1/2020 1:53
415445-102,10/5/2018 19:14
BQ5422-200,30/4/2018 22:14
AT7975-606,27/8/2018 11:33
553558-125,15/6/2018 18:58
AQ0925-002,29/7/2018 0:30
CD6404-800,16/11/2019 17:19
AQ4176-049,22/7/2019 12:55
CT3632-001,31/1/2018 2:51
CK2718-003,12/2/2020 10:40
AO2924-401,26/6/2018 15:40
AR4229-003,9/4/2018 7:28
AQ8306-407,2/3/2019 22:36
CD0881-104,8/4/2019 4:55
CT5342-007,22/5/2019 11:28
CI3705-600,
AQ7878-003,13/10/2018 21:09
AO0570-810,18/3/2019 15:10
CT5528-001,11/11/2019 4:20
CD7288-001,15/2/2019 0:46
BQ5435-703,19/5/2018 0:44
BV0612-001,23/10/2019 7:24
CD2182-001,27/5/2019 12:36
133000-106,21/8/2018 1:30
CJ0579-400,1/12/2019 14:08
BV0417-401,14/12/2019 10:14
AQ2203-003,23/2/2020 10:00
BV5502-600,31/12/2019 16:59
CD7005-001,18/10/2018 13:04
CD2803-001,2/1/2020 17:42
CJ6971-001,6/8/2018 0:44
AJ7695-100,11/4/2020 15:21
640744-016,24/9/2018 11:03
AQ2568-100,3/4/2020 3:16
CT2007-100,13/2/2020 23:32
CI3866-100,27/5/2018 16:46
CU8861-460,22/2/2018 1:31
AT6107-606,20/2/2020 1:41
CJ0219-400,25/3/2018 11:58
BQ5615-002,30/11/2018 13:20
BQ3448-400,2/2/2019 0:43
BV6344-001,14/5/2018 16:43
CQ6639-001,31/5/2018 1:05
AO2132-401,6/4/2019 14:44
CD4363-103,14/1/2018 9:16
CI3794-600,26/5/2018 14:26
CK4126-001,10/10/2019 15:15
CQ3317-001,
AA8030-108,
AO3622-006,2/6/2019 18:42
AT7967-104,28/6/2019 12:13
343881-412,4/5/2019 10:17
AQ4312-107,11/11/2018 3:14
CD0188-101,4/4/2018 8:58
AA7406-006,29/6/2019 17:11
CD0917-300,12/4/2020 13:44
CI2666-400,7/12/2019 9:42
AT5301-003,23/1/2020 14:02
CD2153-001,15/9/2019 10:54
AT7324-001,5/8/2019 8:43
CJ0710-004,5/1/2020 4:57
CK1069-001,13/6/2018 15:37
CT3509-001,11/2/2019 20:24
CD0191-009,8/11/2019 22:21
AT3378-471,18/2/2020 23:21
CD6105-007,29/3/2018 2:52
CD4373-001,9/4/2018 21:57
CD4173-606,14/9/2018 3:31
AV1201-600,26/6/2018 20:56
AV6337-003,28/8/2019 5:46
CN6928-300,3/7/2019 10:43
CD4372-004,12/1/2019 12:17
AT5292-606,
AQ2456-007,12/6/2019 5:10
CJ0217-001,9/7/2019 18:08
315122-001,6/3/2020 1:08
CK0980-002,29/5/2018 5:38
AR4225-003,28/4/2019 22:37
CT3890-101,15/2/2020 20:18
AT7999-414,19/4/2018 15:00
CD4161-606,3/4/2018 5:19
CD2189-002,22/12/2019 21:00
CD6615-100,27/3/2019 8:31
AO2605-600,22/1/2018 5:33
864348-019,14/6/2018 15:19
BQ5808-100,
CN5501-046,3/4/2018 6:38
BQ5102-400,6/1/2018 22:12
CJ0588-001,
BV7774-100,3/4/2019 10:22
CI1694-300,24/3/2019 10:44
631261-035,7/12/2019 16:17
BQ4630-500,31/7/2018 11:45
AT6099-606,27/1/2018 0:06
AT5269-606,25/2/2018 20:22
CN7664-800,
CD4962-001,29/10/2019 18:46
AO4568-600,1/4/2019 22:49
705265-006,2/12/2019 20:25
CJ0266-001,5/4/2019 18:59
AA1636-406,24/2/2020 11:01
BQ5190-101,13/1/2020 13:05
CT2692-002,1/9/2018 16:38
AO0577-717,30/6/2019 3:43
CU3005-171,14/6/2018 0:50
AA8018-101,1/3/2020 14:29
AV6243-400,14/1/2020 6:12
CT2535-001,
BQ5430-401,2/10/2019 8:26
AQ0927-100,21/5/2019 20:59
AQ4126-100,8/11/2019 10:30
918194-003,22/1/2020 18:17
AO0578-717,29/1/2019 21:40
CK0986-002,11/4/2020 15:21
BQ5469-703,26/10/2018 8:02
CT5063-100,30/11/2019 15:45
488161-602,13/4/2018 18:07
528895-003,2/8/2018 21:41
CD4570-300,21/6/2018 0:03
BQ3203-007,30/3/2020 0:31
CU3013-070,5/11/2019 23:15
CD6720-808,2/10/2018 20:30
CJ5472-900,
315123-111,11/10/2018 16:29
849559-004,30/12/2018 4:20
AO3095-100,4/1/2020 21:03
AR8836-009,10/3/2019 5:43
CT5062-100,8/6/2019 2:25
CN2408-001,6/11/2018 16:35
414571-030,13/1/2019 22:31
CJ2586-100,22/12/2018 1:28
BQ5240-200,27/1/2018 11:57
CI1504-100,21/3/2020 16:23
CK2630-700,14/4/2018 21:46
CD5029-001,17/12/2019 14:36
CD0189-001,13/4/2019 20:32
CK1195-101,26/10/2018 17:15
CJ1292-401,2/6/2019 0:16
BQ8928-011,9/9/2019 7:26
BV5841-800,27/11/2019 0:51
CD4387-100,1/7/2018 14:10
BV1712-001,19/4/2018 3:09
BV7106-400,
AQ2210-002,1/7/2019 12:38
AQ2222-200,19/5/2019 1:50
BQ4430-400,6/5/2018 21:45
CD2717-001,
943806-602,30/6/2019 5:02
CN2932-100,16/10/2018 22:53
CI9994-001,19/9/2018 21:46
CN6916-100,7/11/2019 1:35
CU2708-901,28/6/2018 22:58
BQ6044-100,11/11/2019 4:20
CD4365-003,24/9/2018 7:06
749571-154,25/3/2018 13:17
CI3835-002,9/10/2019 12:55
CJ1306-401,8/9/2018 4:00
CW6565-900,
AO1742-004,26/6/2018 1:11
AT6109-606,27/6/2019 0:40
CD4172-606,20/6/2018 9:34
AR4561-200,27/5/2018 22:02
CD0132-001,17/9/2018 6:34
BV1357-003,10/2/2019 4:54
AT3381-008,23/11/2018 4:54
AT7978-414,11/7/2018 9:51
CJ6106-100,6/7/2019 8:30
CK0089-100,9/2/2018 21:13
CT7695-401,14/10/2019 21:57
AO3258-080,7/1/2019 19:03
BQ0129-106,1/3/2020 19:45
AQ0114-101,
AO1023-005,21/11/2018 6:49
CW4409-100,13/6/2018 16:56
BQ1896-002,15/5/2018 4:34
AO3116-004,
CI3870-100,30/1/2019 4:15
CI2668-004,16/1/2018 20:31
487471-003,31/1/2019 23:42
CT2584-100,19/10/2019 23:05
AQ5708-201,6/11/2018 20:32
AR5676-401,21/8/2019 23:40
AT6110-004,17/6/2019 22:06
AQ7491-008,22/6/2019 15:20
CI1291-400,24/12/2019 11:11
CN5455-160,6/1/2019 18:02
CD5036-100,11/4/2018 4:14
CQ6278-001,28/6/2018 19:01
CU3459-200,18/2/2018 23:47
BQ3610-100,20/3/2019 1:24
AT5303-100,29/1/2020 5:39
CK2531-001,
BQ3611-100,23/12/2019 0:57
CV5515-001,7/12/2019 22:52
AQ7487-201,
AQ1289-003,
881105-800,11/3/2019 9:22
CI7523-002,26/2/2020 1:12
CT7698-600,9/2/2018 15:57
BQ9665-301,8/1/2018 18:58
BV7766-100,15/12/2018 11:28
832655-001,7/5/2019 21:14
CK2719-400,23/5/2018 3:29
554724-050,19/8/2018 10:00
AO3189-600,2/9/2019 1:38
AQ2731-500,12/5/2019 17:06
AH1016-602,21/4/2018 23:37
AJ6844-007,20/7/2019 6:56
CN3591-002,16/5/2019 1:25
CI1214-004,10/3/2018 12:31
343880-090,24/1/2019 16:35
CQ7731-900,12/3/2020 23:02
CD4366-002,15/3/2019 13:26
CI5646-200,25/12/2019 9:34
CD4573-001,3/1/2020 14:46
BQ5613-001,4/6/2018 2:31
AT8241-002,23/6/2018 16:34
BQ4631-100,29/8/2018 8:19
AQ2567-002,28/1/2020 7:16
844127-108,2/2/2018 8:50
AT7993-414,14/9/2018 8:47
CK3309-001,21/3/2019 5:03
749747-010,8/6/2018 19:45
634835-108,5/2/2019 2:27
366731-100,1/12/2019 12:49
CD3398-063,30/11/2018 5:26
CT5064-001,16/6/2018 12:05
BQ4424-700,8/7/2018 13:23
AV4417-002,6/4/2020 18:10
AO0571-606,13/4/2018 12:51
AT6174-004,27/12/2019 1:04
AR7718-001,7/7/2018 11:03
AQ7488-004,24/4/2019 13:17
AV4126-002,7/5/2019 18:36
CK2085-002,23/3/2020 23:41
CU0675-300,26/7/2018 6:40
618919-031,22/6/2018 14:14
BQ8927-102,18/11/2019 10:08
921826-016,26/6/2019 8:52
CK3314-400,12/11/2019 18:31
BQ3378-002,19/2/2019 16:41
BV7754-001,7/12/2018 12:33
BV0415-300,24/5/2019 5:36
AR5149-005,1/8/2018 4:52
CQ7619-700,16/7/2018 21:31
AQ4174-049,20/2/2019 13:45
AJ1285-101,22/4/2019 13:53
AV6259-500,14/10/2019 8:47
AT5292-004,19/8/2018 13:57
812654-011,18/2/2019 14:21
CT5543-300,15/8/2018 0:40
CU9174-600,20/12/2019 4:29
CJ0509-001,8/11/2019 15:46
CK3312-001,21/8/2019 10:30
CT0624-100,17/10/2018 16:00
CJ9712-001,18/7/2019 3:35
CT1549-001,9/6/2018 14:11
CD0683-600,29/10/2019 18:46
BQ3212-600,3/11/2018 3:00
807471-101,22/12/2019 11:47
AT6175-100,10/11/2018 16:42
AH6789-023,7/8/2018 17:33
AT7996-414,27/4/2018 23:08
922474-001,5/3/2019 19:04
CI3898-200,
CJ0882-001,1/8/2019 13:52
BQ5467-101,17/10/2018 12:03
AO3267-080,3/1/2018 4:40
AQ7492-010,24/2/2018 2:14
CJ0220-400,22/8/2019 0:59
CQ6566-700,12/5/2019 7:53
AJ4115-060,4/12/2019 11:55
AQ1316-500,30/3/2020 3:09
BV5740-101,30/8/2018 10:39
CJ9681-001,22/3/2020 23:59
AT6817-300,24/11/2018 9:52
CD0431-107,22/7/2019 20:49
AV4052-116,22/5/2019 18:03
CK4122-100,30/7/2018 8:06
AQ7483-001,
CD8526-446,19/7/2018 23:15
CJ1292-703,18/11/2019 10:08
CI1396-004,15/8/2018 15:09
807471-103,2/4/2020 7:31
CJ1794-600,
CK6360-001,
CQ6549-001,24/6/2019 23:57
AR5339-002,19/5/2019 21:35
CD2053-105,3/6/2018 12:02
CI7395-100,16/5/2018 18:45
AT5673-700,19/4/2019 16:06
BV7775-100,28/3/2020 16:55
CI7815-602,30/3/2019 16:50
CJ0818-146,23/2/2018 15:42
CI1289-100,9/3/2018 6:14
CD7287-003,26/3/2020 9:37
AO2607-401,15/11/2019 9:43
AO3424-001,28/1/2018 5:04
BQ5972-001,3/10/2018 18:53
313358-006,6/10/2018 14:02
CI1290-100,23/1/2020 14:02
BV6484-002,20/9/2018 20:09
885118-001,11/6/2018 21:29
BV7099-400,1/4/2020 18:21
BV3387-400,12/9/2018 22:33
849560-001,15/2/2019 4:43
AA7408-008,23/7/2018 3:37
BQ9138-601,6/10/2019 13:49
AV5187-602,26/6/2018 15:40
AA0287-002,26/10/2019 18:21
BV7756-001,3/5/2018 6:51
AR6632-603,4/3/2020 20:10
AA1640-002,28/6/2019 18:48
AA8027-109,11/1/2020 12:22
AR4225-100,18/1/2020 6:19
CD6964-002,16/9/2019 6:39
CN7383-300,20/3/2018 16:06
CI7388-600,31/3/2019 12:35
BV7782-001,17/5/2019 5:04
CK2630-001,31/10/2019 20:48
CN6867-001,4/10/2018 2:47
BQ7978-001,25/11/2019 13:18
844896-002,9/11/2019 18:06
BQ6046-010,
CT5770-300,15/11/2019 16:18
CU3004-176,
CI3899-200,30/10/2018 17:22
BV0389-001,26/6/2019 20:43
CQ0989-002,22/10/2018 11:52
CI7379-400,
CN6881-300,
CI3869-500,12/4/2020 19:00
AV9370-001,22/3/2018 15:30
BV1134-001,20/10/2018 23:00
CT1531-001,7/2/2020 6:54
AR7410-603,24/1/2019 0:47
BQ5435-401,6/10/2018 0:52
812655-011,28/10/2018 16:39
325213-139,28/7/2018 15:17
AO9820-001,7/2/2018 23:08
AA1626-602,28/12/2019 6:02
AQ8228-102,6/12/2018 18:07
AH7858-010,15/6/2018 16:20
CI1246-302,9/4/2019 4:37
AO7353-105,8/5/2018 9:18
CI3709-001,21/10/2019 4:03
AA8022-107,20/11/2019 9:32
CK3321-100,20/2/2020 12:13
AO3108-018,4/11/2018 18:30
CQ2503-900,4/7/2019 13:03
AR9293-603,17/2/2020 3:54
BV0614-005,27/7/2018 10:19
CQ7620-001,3/10/2019 12:05
BV1021-007,8/6/2018 17:07
CJ0842-600,18/3/2019 3:19
AV9373-002,1/3/2018 9:57
807443-503,28/4/2018 17:34
AO3166-300,
CI3446-001,
AR4347-600,
CI3867-001,17/1/2020 11:53
CQ0278-200,
AT7968-606,1/3/2018 19:10
BV7757-500,22/2/2019 17:06
CD2722-001,31/3/2018 10:10
AT6100-606,
CT9155-063,8/2/2019 18:40
CI1236-100,19/2/2020 21:44
AH6799-300,28/2/2018 7:37
CJ9585-600,26/1/2019 21:15
